year,state,count_loans,sum_amt,avg_amount,std_amount,min_amount,max_amount,5_pct,95_pct
2014,12,217988.0,49438706.0,226.7955392039928803,359.586466619420,1.0,84500.0,-492.3773940348471197,945.9684724428328803
2014,38,12137.0,2416057.0,199.0654197907225838,354.055243145944,1.0,34000.0,-509.0450665011654162,907.1759060826105838
2014,55,67011.0,10912702.0,162.8494127829759293,122.236981153919,1.0,9490.0,-81.6245495248620707,407.3233750908139293
2014,25,72538.0,24593578.0,339.0440596652788883,303.779370815760,1.0,12900.0,-268.5146819662411117,946.6028012967988883
2014,50,6601.0,1325937.0,200.8691107407968490,131.933284857480,1.0,2003.0,-62.9974589741631510,464.7356804557568490
2014,17,139639.0,27193006.0,194.7379027349093018,192.625102172170,1.0,5750.0,-190.5123016094306982,579.9881070792493018
2014,02,10311.0,2665691.0,258.5288526816021724,117.0154827256201809,1.0,1456.0,24.4978872303618106,492.5598181328425342
2014,46,13038.0,2133986.0,163.6743365546863016,109.784715181253,1.0,4470.0,-55.8950938078196984,383.2437669171923016
2014,18,74893.0,10604006.0,141.5887466118328816,108.356935957493,1.0,7650.0,-75.1251253031531184,358.3026185268188816
2014,48,305323.0,63181644.0,206.9337848769991124,189.968511290326,1.0,12060.0,-173.0032377036528876,586.8708074576511124
2014,51,98994.0,28384794.0,286.7324686344626947,202.462114102857,1.0,3900.0,-118.1917595712513053,691.6566968401766947
2014,20,39345.0,6207629.0,157.7742788156055407,131.190613355485,1.0,11840.0,-104.6069478953644593,420.1555055265755407
2014,22,43942.0,7835302.0,178.3100905739383733,370.678601769432,1.0,73370.0,-563.0471129649256267,919.6672941128023733
2014,30,15422.0,3220383.0,208.8174685514200493,191.559756237348,1.0,6750.0,-174.3020439232759507,591.9369810261160493
2014,35,14001.0,2626267.0,187.5771016355974573,131.401637579159,1.0,2270.0,-75.2261735227205427,450.3803767939154573
2014,41,35575.0,8691135.0,244.3045678144764582,154.342401348752,1.0,4875.0,-64.3802348830275418,552.9893705119804582
2014,31,29379.0,4314895.0,146.8700432281561660,96.4907485687912218,1.0,2009.0,-46.1114539094262776,339.8515403657386096
2014,32,22943.0,5131648.0,223.6694416597655058,184.168075182841,1.0,4350.0,-144.6667087059164942,592.0055920254475058
2014,54,16821.0,2433207.0,144.6529338327091136,132.527230017303,1.0,7016.0,-120.4015262018968864,409.7073938673151136
2014,56,9474.0,2021654.0,213.3896981211737387,220.482970154637,1.0,10000.0,-227.5762421881002613,654.3556384304477387
2014,29,76127.0,11870573.0,155.9311807899956651,335.186146468318,1.0,86000.0,-514.4411121466403349,826.3034737266316651
2014,39,126271.0,19003412.0,150.4970420761695084,118.181286696605,1.0,7343.0,-85.8655313170404916,386.8596154693795084
2014,47,78051.0,13865969.0,177.6526758145315243,141.678735723342,1.0,10000.0,-105.7047956321524757,461.0101472612155243
2014,27,81117.0,15649189.0,192.9212002416262929,249.536828163285,1.0,60000.0,-306.1524560849437071,691.9948565681962929
2014,13,109566.0,21723583.0,198.2693810123578482,160.865038494575,1.0,5000.0,-123.4606959767921518,519.9994580015078482
2014,28,27456.0,3970537.0,144.6145469114219114,99.4516841003951652,1.0,2574.0,-54.2888212893684190,343.5179151122122418
2014,26,102232.0,16106414.0,157.5476758744815713,134.342038217245,1.0,13316.0,-111.1364005600084287,426.2317523089715713
2014,44,9562.0,2234021.0,233.6353273373771178,199.459508503656,1.0,4225.0,-165.2836896699348822,632.5543443446891178
2014,09,31724.0,9938310.0,313.2741772790316480,402.367706513617,1.0,13750.0,-491.4612357482023520,1118.0095903062656480
2014,23,14085.0,2667354.0,189.3755058572949947,161.033759487869,1.0,6625.0,-132.6920131184430053,511.4430248330329947
2014,34,68218.0,21571209.0,316.2099299305168724,251.143429046782,1.0,10000.0,-186.0769281630471276,818.4967880240808724
2014,04,65964.0,14360663.0,217.7045509671942272,189.304769342925,1.0,10065.0,-160.9049877186557728,596.3140896530442272
2014,36,138274.0,46633193.0,337.2520719730390384,645.914438549716,1.0,73212.0,-954.5768051263929616,1629.0809490724710384
2014,05,41074.0,5755469.0,140.1243852558796319,137.293574374849,1.0,18685.0,-134.4627634938183681,414.7115340055776319
2014,49,29627.0,6869624.0,231.8703884969791069,203.910642193398,1.0,7033.0,-175.9508958898168931,639.6916728837751069
2014,11,8470.0,3944050.0,465.6493506493506494,604.990464670022,1.0,32100.0,-744.3315786906933506,1675.6302799893946494
2014,45,60485.0,11931437.0,197.2627428288005291,204.595759765146,1.0,27600.0,-211.9287767014914709,606.4542623590925291
2014,10,9994.0,2350342.0,235.1753051831098659,298.576565494272,1.0,17100.0,-361.9778258054341341,832.3284361716538659
2014,24,65144.0,19076615.0,292.8376366204101682,205.978606359041,1.0,5000.0,-119.1195760976718318,704.7948493384921682
2014,06,233530.0,109211656.0,467.6557872650194836,459.583756406502,1.0,25513.0,-451.5117255479845164,1386.8233000780234836
2014,01,49544.0,8077492.0,163.0367350234135314,573.781782776216,1.0,99999.0,-984.5268305290184686,1310.6003005758455314
2014,19,46190.0,6239766.0,135.0891101970123403,112.338479190467,1.0,6358.0,-89.5878481839216597,359.7660685779463403
2014,NA,182405.0,38098682.0,208.8686275047284888,322.222382565236,1.0,99999.0,-435.5761376257435112,853.3133926352004888
2014,40,49260.0,7257320.0,147.3268371904181892,113.876598363801,1.0,8151.0,-80.4263595371838108,375.0800339180201892
2014,08,73109.0,19659375.0,268.9049911775567988,262.116160458313,1.0,14250.0,-255.3273297390692012,793.1373120941827988
2014,37,122968.0,24042842.0,195.5211274477912953,154.853334398201,1.0,18100.0,-114.1855413486107047,505.2277962441932953
2014,33,12851.0,2836574.0,220.7278810987471792,145.982929389595,1.0,4415.0,-71.2379776804428208,512.6937398779371792
2014,16,20422.0,3850956.0,188.5689942219175399,625.924639388467,1.0,87120.0,-1063.2802845550164601,1440.4182729988515399
2014,72,17033.0,2309629.0,135.5973111019785123,111.787738726755,1.0,3360.0,-87.9781663515314877,359.1727885554885123
2014,21,44203.0,6465053.0,146.2582403909236930,127.942456720619,1.0,15000.0,-109.6266730503143070,402.1431538321616930
2014,53,78097.0,22376865.0,286.5265631202222877,224.671959787512,1.0,8400.0,-162.8173564548017123,735.8704826952462877
2014,42,110435.0,20346092.0,184.2359034726309594,188.966923992560,1.0,26400.0,-193.6979445124890406,562.1697514577509594
2014,15,9855.0,4436256.0,450.1528158295281583,361.121354706674,1.0,9900.0,-272.0898935838198417,1172.3955252428761583
2013,56,9746.0,2027109.0,207.9939462343525549,200.110798104429,1.0,11000.0,-192.2276499745054451,608.2155424432105549
2013,29,85953.0,12860668.0,149.6244226495875653,117.245414696914,1.0,5400.0,-84.8664067442404347,384.1152520434155653
2013,39,135826.0,19962213.0,146.9690118239512317,108.743173998137,1.0,4500.0,-70.5173361723227683,364.4553598202252317
2013,27,90107.0,17068392.0,189.4235963909574173,141.907198686998,1.0,17125.0,-94.3908009830385827,473.2379937649534173
2013,13,126453.0,23619569.0,186.7853589871335595,149.465520431255,1.0,7220.0,-112.1456818753764405,485.7163998496435595
2013,44,11252.0,2461292.0,218.7426235335940277,186.773341984694,1.0,9990.0,-154.8040604357939723,592.2893075029820277
2013,36,159113.0,51494279.0,323.6333863354974138,511.771069280581,1.0,55800.0,-699.9087522256645862,1347.1755248966594138
2013,42,126668.0,22974318.0,181.3742855338364859,146.089663447692,1.0,12500.0,-110.8050413615475141,473.5536124292204859
2013,15,11113.0,4643883.0,417.8784306667866463,345.023549498303,1.0,10500.0,-272.1686683298193537,1107.9255296633926463
2013,54,18308.0,2643779.0,144.4056696526108805,113.588105061127,1.0,4500.0,-82.7705404696431195,371.5818797748648805
2013,33,14683.0,3162816.0,215.4066607641490159,136.719888109587,1.0,3650.0,-58.0331154550249841,488.8464369833230159
2013,16,22872.0,3998768.0,174.8324589017138860,122.098076450632,1.0,5950.0,-69.3636939995501140,419.0286118029778860
2013,72,23732.0,3310593.0,139.4991151188269004,107.197861178349,1.0,2664.0,-74.8966072378710996,353.8948374755249004
2013,46,14095.0,2221922.0,157.6390209294075913,97.5912054224017625,1.0,2640.0,-37.5433899153959337,352.8214317742111163
2013,18,81430.0,11472949.0,140.8933930983666953,288.414351324022,1.0,54400.0,-435.9353095496773047,717.7220957464106953
2013,21,50181.0,7195601.0,143.3929375660110400,102.071525580535,1.0,4363.0,-60.7501135950589600,347.5359887270810400
2013,48,340248.0,66216865.0,194.6135318943829207,267.860643143104,1.0,88000.0,-341.1077543918250793,730.3348181805909207
2013,51,125921.0,35139308.0,279.0583619888660351,194.402708215154,1.0,7000.0,-109.7470544414419649,667.8637784191740351
2013,53,89401.0,23847381.0,266.7462444491672353,193.254008218229,1.0,11100.0,-119.7617719872907647,653.2542608856252353
2013,49,36520.0,8111833.0,222.1202902519167579,185.005185940438,1.0,8125.0,-147.8900816289592421,592.1306621327927579
2013,11,9653.0,4187107.0,433.7622500776960530,294.100732255485,1.0,5590.0,-154.4392144332739470,1021.9637145886660530
2013,45,67129.0,12703449.0,189.2393600381355301,153.942866895704,1.0,3800.0,-118.6463737532724699,497.1250938295435301
2013,10,12182.0,2714844.0,222.8570021342965030,148.265564181922,1.0,3000.0,-73.6741262295474970,519.3881304981405030
2013,12,237379.0,50790683.0,213.9645166590136448,263.503880663557,1.0,30000.0,-313.0432446681003552,740.9722779861276448
2013,38,12492.0,2303321.0,184.3836855587576049,114.475986917552,1.0,5900.0,-44.5682882763463951,413.3356593938616049
2013,55,70963.0,11405488.0,160.7244338598988205,113.471304699815,1.0,3000.0,-66.2181755397311795,387.6670432595288205
2013,24,81005.0,23256580.0,287.1005493488056293,400.664338478123,1.0,99999.0,-514.2281276074403707,1088.4292263050516293
2013,25,83837.0,26254875.0,313.1657263499409569,260.729738628439,1.0,14985.0,-208.2937509069370431,834.6252036068189569
2013,50,7122.0,1401130.0,196.7326593653468127,132.658272423706,1.0,3480.0,-68.5838854820651873,462.0492042127588127
2013,NA,255406.0,52426680.0,205.2680046670790819,202.942817014697,1.0,10000.0,-200.6176293623149181,611.1536386964730819
2013,06,291614.0,119796614.0,410.8054277229488296,404.041168108480,1.0,45000.0,-397.2769084940111704,1218.8877639399088296
2013,01,54807.0,8784371.0,160.2782673746054336,114.452922326686,1.0,3230.0,-68.6275772787665664,389.1841120279774336
2013,19,48232.0,6468844.0,134.1193398573561121,96.8147243764287563,1.0,3500.0,-59.5101088955014005,327.7487886102136247
2013,40,54164.0,7845553.0,144.8481094453880806,106.111667124319,1.0,4000.0,-67.3752248032499194,357.0714436940260806
2013,08,85182.0,21485389.0,252.2292150923904111,227.358701959281,1.0,25000.0,-202.4881888261715889,706.9466190109524111
2013,37,137373.0,25992207.0,189.2089930335655478,137.326502415972,1.0,5150.0,-85.4440117983784522,463.8619978655095478
2013,47,88773.0,15287123.0,172.2046455566444752,130.436827097093,1.0,4600.0,-88.6690086375415248,433.0782997508304752
2013,28,30734.0,4345459.0,141.3893082579553589,96.3678139723060310,1.0,4560.0,-51.3463196866567031,334.1249362025674209
2013,26,111920.0,16898725.0,150.9893227305218013,144.388307639463,1.0,26000.0,-137.7872925484041987,439.7659380094478013
2013,09,36938.0,11420093.0,309.1692295197357735,380.721346919889,1.0,16250.0,-452.2734643200422265,1070.6119233595137735
2013,23,14971.0,2765084.0,184.6960122904281611,134.983684298693,1.0,3756.0,-85.2713563069578389,454.6633808878141611
2013,34,82867.0,24982869.0,301.4815185779622769,229.499521234737,1.0,7000.0,-157.5175238915117231,760.4805610474362769
2013,04,78668.0,16368072.0,208.0651853358417654,170.893586382948,1.0,8142.0,-133.7219874300542346,549.8523581017377654
2013,05,45182.0,6407338.0,141.8117391881722810,102.848257948841,1.0,5571.0,-63.8847767095097190,347.5082550858542810
2013,20,41437.0,6445474.0,155.5487607693607163,111.421429420412,1.0,3000.0,-67.2940980714632837,378.3916196101847163
2013,22,49730.0,8583857.0,172.6092298411421677,118.451450761934,1.0,4220.0,-64.2936716827258323,409.5121313650101677
2013,30,16355.0,3185986.0,194.8019565881993274,134.126076596697,1.0,4680.0,-73.4501966051946726,463.0541097815933274
2013,35,17517.0,3182554.0,181.6837357995090484,128.793515272228,1.0,4950.0,-75.9032947449469516,439.2707663439650484
2013,41,40877.0,9368503.0,229.1876360789686132,136.425034071834,1.0,4750.0,-43.6624320646993868,502.0377042226366132
2013,31,29915.0,4266461.0,142.6194551228480695,88.2587112767751854,1.0,3000.0,-33.8979674307023013,319.1368776763984403
2013,32,27895.0,5753245.0,206.2464599390571787,178.725545136276,1.0,8500.0,-151.2046303334948213,563.6975502116091787
2013,17,147636.0,28582508.0,193.6012083773605354,191.414409097264,1.0,16205.0,-189.2276098171674646,576.4300265718885354
2013,02,11073.0,2811844.0,253.9369637857852434,114.2738857037008178,1.0,1805.0,25.3891923783836078,482.4847351931868790
2012,15,11576.0,4574620.0,395.1814098134070491,288.276840041796,1.0,7000.0,-181.3722702701849509,971.7350898969990491
2012,42,123598.0,21692743.0,175.5104694250716031,129.763345072292,1.0,6000.0,-84.0162207195123969,435.0371595696556031
2012,54,17446.0,2408762.0,138.0695861515533647,108.6251841905749940,1.0,4900.0,-79.1807822295966233,355.3199545327033527
2012,27,81773.0,14284598.0,174.6859966003448571,119.346557949417,1.0,2750.0,-64.0071192984891429,413.3791124991788571
2012,13,123446.0,20708081.0,167.7501174602660273,132.185462940712,1.0,4000.0,-96.6208084211579727,432.1210433416900273
2012,44,9779.0,2066610.0,211.3314244810307802,230.433447711532,1.0,11000.0,-249.5354709420332198,672.1983199040947802
2012,56,8851.0,1768196.0,199.7735849056603774,208.107256750776,1.0,9065.0,-216.4409285958916226,615.9880984072123774
2012,29,81359.0,11516586.0,141.5526985336594599,206.386069451222,1.0,50000.0,-271.2194403687845401,554.3248374361034599
2012,39,118881.0,16773771.0,141.0971559795089207,103.735111380766,1.0,4400.0,-66.3730667820230793,348.5673787410409207
2012,36,140834.0,42715661.0,303.3050328755840209,401.876331873860,1.0,23460.0,-500.4476308721359791,1107.0576966233040209
2012,49,36552.0,7354308.0,201.2012475377544320,151.534433603066,1.0,4003.0,-101.8676196683775680,504.2701147438864320
2012,11,9174.0,3742754.0,407.9740571179420100,277.683686960326,1.0,5000.0,-147.3933168027099900,963.3414310385940100
2012,45,60556.0,10907363.0,180.1202688420635445,150.220685983214,1.0,9150.0,-120.3211031243644555,480.5616408084915445
2012,10,11785.0,2574527.0,218.4579550275774289,151.073142271362,1.0,4977.0,-83.6883295151465711,520.6042395703014289
2012,40,51755.0,7275170.0,140.5694135832286736,100.2874189436487231,1.0,4300.0,-60.0054243040687726,341.1442514705261198
2012,08,78456.0,18701516.0,238.3694809829713470,213.991924305935,1.0,12000.0,-189.6143676288986530,666.3533295948413470
2012,37,119706.0,21774459.0,181.8994787228710340,130.779103699935,1.0,5000.0,-79.6587286769989660,443.4576861227410340
2012,24,76276.0,20857016.0,273.4413970318317688,181.777726223078,1.0,5600.0,-90.1140554143242312,636.9968494779877688
2012,25,76044.0,22284148.0,293.0428173162905686,258.090848358535,1.0,20000.0,-223.1388794007794314,809.2245140333605686
2012,50,6717.0,1287587.0,191.6907845764478190,116.965295703394,1.0,2160.0,-42.2398068303401810,425.6213759832358190
2012,06,324543.0,111950682.0,344.9486878472190126,340.672543060474,1.0,20340.0,-336.3963982737289874,1026.2937739681670126
2012,01,52652.0,8216437.0,156.0517549190913925,108.928835030825,1.0,3025.0,-61.8059151425586075,373.9094249807413925
2012,19,41573.0,5416743.0,130.2947345632982946,99.2512294295836047,1.0,6361.0,-68.2077242958689148,328.7971934224655040
2012,NA,230483.0,42372273.0,183.8412073775506220,168.867639427780,1.0,12500.0,-153.8940714780093780,521.5764862331106220
2012,72,21874.0,3091059.0,141.3120142635091890,116.250738658643,1.0,2200.0,-91.1894630537768110,373.8134915807951890
2012,17,133095.0,23695696.0,178.0359592772080093,193.049016004416,1.0,36000.0,-208.0620727316239907,564.1339912860400093
2012,33,13972.0,2874250.0,205.7150014314342972,145.838153291686,1.0,8500.0,-85.9613051519377028,497.3913080148062972
2012,16,19470.0,3146086.0,161.5863379558294813,117.764185681997,1.0,3050.0,-73.9420334081645187,397.1147093198234813
2012,46,12015.0,1807737.0,150.4566791510611735,86.3970345437305405,1.0,2430.0,-22.3373899363999075,323.2507482385222545
2012,18,75796.0,10181100.0,134.3223916829384136,103.516438620503,1.0,10000.0,-72.7104855580675864,341.3552689239444136
2012,21,45662.0,6412634.0,140.4369935613858350,98.5800870189113911,1.0,3601.0,-56.7231804764369472,337.5971675992086172
2012,48,313007.0,56800362.0,181.4667467500726821,159.601382023638,1.0,13600.0,-137.7360172972033179,500.6695107973486821
2012,51,118751.0,31460716.0,264.9301142727219139,184.569927116917,1.0,9000.0,-104.2097399611120861,634.0699685065559139
2012,53,81993.0,20133415.0,245.5504128401204981,173.532864220973,1.0,9500.0,-101.5153156018255019,592.6161412820664981
2012,02,10089.0,2514222.0,249.2042818911685995,108.1662789008623964,5.0,1283.0,32.8717240894438067,465.5368396928933923
2012,30,12879.0,2387213.0,185.3570152962186505,144.851174472466,1.0,5000.0,-104.3453336487133495,475.0593642411506505
2012,35,18262.0,3213411.0,175.9616142810206987,117.886025250807,1.0,3200.0,-59.8104362205933013,411.7336647826346987
2012,41,39279.0,8208276.0,208.9736500420071794,141.358222245759,1.0,12806.0,-73.7427944495108206,491.6900945335251794
2012,20,39250.0,5831508.0,148.5734522292993631,109.700350045488,1.0,3200.0,-70.8272478616766369,367.9741523202753631
2012,22,47818.0,8033197.0,167.9952528336609645,111.554832170537,1.0,2800.0,-55.1144115074130355,391.1049171747349645
2012,32,34070.0,5800622.0,170.2560023481068389,168.756965357417,1.0,18226.0,-167.2579283667271611,507.7699330629408389
2012,31,26733.0,3738071.0,139.8298357834885722,88.0780461646491667,1.0,3000.0,-36.3262565458097612,315.9859281127869056
2012,28,28673.0,3971583.0,138.5129913158720748,92.9886157141783328,1.0,4000.0,-47.4642401124845908,324.4902227442287404
2012,26,102265.0,14162996.0,138.4930914780227839,127.002755281559,1.0,19893.0,-115.5124190850952161,392.4986020411407839
2012,47,84851.0,14004704.0,165.0505474302011762,131.908841677478,1.0,12080.0,-98.7671359247548238,428.8682307851571762
2012,04,82637.0,14951617.0,180.9312656558200322,143.101533394744,1.0,4875.0,-105.2718011336679678,467.1343324453080322
2012,05,41788.0,5702548.0,136.4637695032066622,92.4713407668111682,1.0,3500.0,-48.4789120304156742,321.4064510368289986
2012,09,33337.0,9646258.0,289.3559108498065213,345.117366737444,1.0,15000.0,-400.8788226250814787,979.5906443246945213
2012,23,14012.0,2509863.0,179.1223950899229232,140.865539988748,1.0,7080.0,-102.6086848875730768,460.8534750674189232
2012,34,75250.0,21470291.0,285.3194817275747508,217.030364870911,1.0,10000.0,-148.7412480142472492,719.3802114693967508
2012,38,12033.0,2037461.0,169.3227790243497050,131.801040041823,1.0,11000.0,-94.2793010592962950,432.9248591079957050
2012,55,63519.0,9722517.0,153.0647050488830114,109.028818624968,1.0,3178.0,-64.9929322010529886,371.1223422988190114
2012,12,222187.0,42926031.0,193.1977613451732100,227.085206374776,1.0,14000.0,-260.9726514043787900,647.3681740947252100
2011,53,86543.0,20127246.0,232.5693123649515270,153.126309945060,1.0,4725.0,-73.6833075251684730,538.8219322550715270
2011,21,44123.0,6047119.0,137.0514017632527253,92.9731167604990648,1.0,2500.0,-48.8948317577454043,322.9976352842508549
2011,16,21210.0,3210976.0,151.3897218293257897,103.7940808057232244,1.0,2450.0,-56.1984397821206591,358.9778834407722385
2011,33,13332.0,2699011.0,202.4460696069606961,122.036206361246,1.0,3150.0,-41.6263431155313039,446.5184823294526961
2011,72,31102.0,4097069.0,131.7300816667738409,109.905805584918,1.0,2880.0,-88.0815295030621591,351.5416928366098409
2011,01,51131.0,7714821.0,150.8834366626899533,104.428250773453,1.0,6000.0,-57.9730648842160467,359.7399382095959533
2011,06,394544.0,120007002.0,304.1663337929356422,283.934441402308,1.0,22000.0,-263.7025490116803578,872.0352165975516422
2011,NA,197712.0,35057004.0,177.3134862830784171,178.591883499930,1.0,12595.0,-179.8702807167815829,534.4972532829384171
2011,19,38746.0,4915763.0,126.8714964125329066,84.9958044679206499,1.0,2258.0,-43.1201125233083932,296.8631053483742064
2011,24,79165.0,20418695.0,257.9257879113244489,178.289881960670,1.0,6650.0,-98.6539760100155511,614.5055518326644489
2011,08,81439.0,18166074.0,223.0635690516828547,185.012709278711,1.0,10500.0,-146.9618495057391453,593.0889876091048547
2011,37,111703.0,19859069.0,177.7845626348441850,128.486293645781,1.0,7000.0,-79.1880246567178150,434.7571499264061850
2011,40,47501.0,6418722.0,135.1281446706385129,96.0692058645213625,1.0,3370.0,-57.0102670584042121,327.2665563996812379
2011,10,11766.0,2376788.0,202.0047594764575897,138.298583632982,1.0,3000.0,-74.5924077895064103,478.6019267424215897
2011,45,57473.0,9975979.0,173.5767925808640579,137.071272750488,1.0,2960.0,-100.5657529201119421,447.7193380818400579
2011,11,9372.0,3590067.0,383.0630601792573624,268.657239586000,1.0,4375.0,-154.2514189927426376,920.3775393512573624
2011,49,37100.0,7171025.0,193.2890835579514825,136.411497198991,1.0,6500.0,-79.5339108400305175,466.1120779559334825
2011,36,139731.0,41427254.0,296.4786196334385355,369.988534843343,1.0,25200.0,-443.4984500532474645,1036.4556893201245355
2011,39,111496.0,15199516.0,136.3234196742484035,103.550397639111,1.0,4270.0,-70.7773756039735965,343.4242149524704035
2011,29,76094.0,10455123.0,137.3974689200199753,129.200335565011,1.0,21000.0,-121.0032022100020247,395.7981400500419753
2011,56,8227.0,1578058.0,191.8145131882824845,152.211357072568,1.0,4258.0,-112.6082009568535155,496.2372273334184845
2011,44,9572.0,1995230.0,208.4444212285833682,181.066922802257,1.0,6000.0,-153.6894243759306318,570.5782668330973682
2011,26,98513.0,12769440.0,129.6218773156842244,103.615462409669,1.0,2500.0,-77.6090475036537756,336.8528021350222244
2011,27,70815.0,11592095.0,163.6954741227141142,115.212719886123,1.0,3477.0,-66.7299656495318858,394.1209138949601142
2011,28,27127.0,3637813.0,134.1030338776864379,90.2906435783232200,1.0,3416.0,-46.4782532789600021,314.6843210343328779
2011,13,120833.0,19480887.0,161.2215785422856339,128.222330856593,1.0,4000.0,-95.2230831709003661,417.6662402554716339
2011,31,23930.0,3232835.0,135.0954868366067697,88.1369159900651816,1.0,2000.0,-41.1783451435235935,311.3693188167371329
2011,54,17110.0,2290606.0,133.8752776154295733,100.3570543729118345,1.0,2240.0,-66.8388311303940957,334.5893863612532423
2011,32,45566.0,7033529.0,154.3591493657551683,120.206536252628,1.0,6000.0,-86.0539231395008317,394.7722218710111683
2011,42,120990.0,20784740.0,171.7889081742292751,135.231089530187,1.0,17500.0,-98.6732708861447249,442.2510872346032751
2011,22,47299.0,7701314.0,162.8219201251612085,103.082037450515,1.0,2669.0,-43.3421547758687915,368.9859950261912085
2011,20,36300.0,5212145.0,143.5852617079889807,99.0490698205734240,1.0,2000.0,-54.5128779331578673,341.6834013491358287
2011,41,40776.0,8190589.0,200.8678879733176378,116.471297102520,1.0,3375.0,-32.0747062317223622,433.8104821783576378
2011,30,11693.0,2079625.0,177.8521337552381767,175.353488679491,1.0,6363.0,-172.8548436037438233,528.5591111142201767
2011,15,13117.0,4966379.0,378.6215598078829001,302.202361949863,1.0,10120.0,-225.7831640918430999,983.0262837076089001
2011,35,19154.0,3299371.0,172.2549336953116842,112.535536462889,1.0,2870.0,-52.8161392304663158,397.3260066210896842
2011,02,9287.0,2226893.0,239.7860450091525789,101.963420290120,1.0,1650.0,35.8592044289125789,443.7128855893925789
2011,51,115122.0,29520882.0,256.4312815969145776,176.276189424654,1.0,4750.0,-96.1210972523934224,608.9836604462225776
2011,48,307692.0,52622098.0,171.0219895219895220,148.840762805910,1.0,15500.0,-126.6595360898304780,468.7035151338095220
2011,18,75803.0,9890994.0,130.4828832631953880,90.3353581598458532,1.0,2000.0,-50.1878330564963184,311.1535995828870944
2011,46,10720.0,1573188.0,146.7526119402985075,87.6098188284349562,1.0,1515.0,-28.4670257165714049,321.9722495971684199
2011,17,125855.0,22288123.0,177.0936633427356879,166.587231797519,1.0,18000.0,-156.0808002523023121,510.2681269377736879
2011,25,72526.0,20268047.0,279.4590491685740286,240.167853455703,1.0,12700.0,-200.8766577428319714,759.7947560799800286
2011,50,6692.0,1286054.0,192.1778242677824268,126.116007728356,8.0,3860.0,-60.0541911889295732,444.4098397244944268
2011,12,232216.0,41117602.0,177.0661883763392703,281.502315821727,1.0,99999.0,-385.9384432671147297,740.0708200197932703
2011,55,56455.0,8493704.0,150.4508723762288548,103.567981224624,1.0,3000.0,-56.6850900730191452,357.5868348254768548
2011,38,9848.0,1491212.0,151.4228269699431357,97.1046760038226399,2.0,5063.0,-42.7865250377021441,345.6321789775884155
2011,09,33008.0,9390322.0,284.4862457586039748,316.981625234613,1.0,14500.0,-349.4770047106220252,918.4494962278299748
2011,34,79063.0,22116807.0,279.7365012711382062,205.809590294212,1.0,7200.0,-131.8826793172857938,691.3556818595622062
2011,23,13116.0,2311147.0,176.2082189691979262,123.525049468853,1.0,2200.0,-70.8418799685080738,423.2583179069039262
2011,05,38414.0,5067796.0,131.9257562347060967,148.541655226162,1.0,22880.0,-165.1575542176179033,429.0090666870300967
2011,04,100137.0,15953442.0,159.3161568650948201,133.546269261602,1.0,8500.0,-107.7763816581091799,426.4086953882988201
2011,47,76727.0,12276796.0,160.0062038135206642,119.149456595045,1.0,7883.0,-78.2927093765693358,398.3051170036106642
2010,17,143835.0,26437244.0,183.8025793443876664,151.661606379780,1.0,5425.0,-119.5206334151723336,487.1257921039476664
2010,02,10598.0,2549414.0,240.5561426684280053,108.2762362319523148,9.0,1875.0,24.0036702045233757,457.1086151323326349
2010,48,338556.0,57045977.0,168.4979058117416321,138.417362090701,1.0,9950.0,-108.3368183696603679,445.3326299931436321
2010,18,83922.0,11168620.0,133.0833392912466338,88.6613593035889476,1.0,4200.0,-44.2393793159312614,310.4060578984245290
2010,51,123057.0,32053851.0,260.4797045271703357,169.410018404842,1.0,5000.0,-78.3403322825136643,599.2997413368543357
2010,46,12255.0,1810529.0,147.7379844961240310,86.6436875022658146,1.0,2400.0,-25.5493905084075982,321.0253595006556602
2010,12,234815.0,41028039.0,174.7249494282733216,183.242119624155,1.0,13000.0,-191.7592898200366784,541.2091886765833216
2010,55,68555.0,10550753.0,153.9020202756910510,107.803659249340,1.0,8000.0,-61.7052982229889490,369.5093387743710510
2010,38,10322.0,1496633.0,144.9944778143770587,91.3419099305474250,1.0,3500.0,-37.6893420467177913,327.6782976754719087
2010,25,82641.0,22423847.0,271.3404605462179790,199.516689405746,1.0,7210.0,-127.6929182652740210,670.3738393577099790
2010,50,7328.0,1422342.0,194.0968886462882096,104.357553001401,1.0,2400.0,-14.6182173565137904,402.8119946490902096
2010,47,86333.0,13717871.0,158.8948721809736717,113.755123377210,1.0,6545.0,-68.6153745734463283,386.4051189353936717
2010,28,30408.0,4142730.0,136.2381610102604578,98.5206034878222121,1.0,8000.0,-60.8030459653839664,333.2793679859048820
2010,26,107556.0,13827438.0,128.5603592547138235,97.9907164667625876,1.0,6073.0,-67.4210736788113517,324.5417921882389987
2010,34,89540.0,25598908.0,285.8935447844538754,214.177110955137,1.0,28000.0,-142.4606771258201246,714.2477666947278754
2010,23,15003.0,2656800.0,177.0845830833833233,121.189329001399,1.0,4400.0,-65.2940749194146767,419.4632410861813233
2010,09,38103.0,10741774.0,281.9141274965225835,297.808726287130,1.0,10000.0,-313.7033250777374165,877.5315800707825835
2010,36,160470.0,45887374.0,285.9560914812737583,310.275872156753,1.0,18200.0,-334.5956528322322417,906.5078357947797583
2010,04,100526.0,17098863.0,170.0939358971808288,142.814714353232,1.0,11500.0,-115.5354928092831712,455.7233646036448288
2010,05,42753.0,5716971.0,133.7209318644305663,114.320740033256,1.0,11222.0,-94.9205482020814337,362.3624119309425663
2010,22,52080.0,8659890.0,166.2805299539170507,103.862481719429,1.0,5600.0,-41.4444334849409493,374.0054933927750507
2010,42,139568.0,24298654.0,174.0990341625587527,125.869721396450,1.0,9674.0,-77.6404086303412473,425.8384769554587527
2010,20,42970.0,6287014.0,146.3117058412846172,97.2964311916511528,1.0,2400.0,-48.2811565420176884,340.9045682245869228
2010,35,23099.0,4120968.0,178.4046062600112559,112.318239378693,1.0,2106.0,-46.2318724973747441,403.0410850173972559
2010,30,12831.0,2313234.0,180.2847790507364975,239.266633069667,1.0,23500.0,-298.2484870885975025,658.8180451900704975
2010,15,13969.0,5297603.0,379.2399599112320137,281.584468126409,1.0,7185.0,-183.9289763415859863,942.4088961640500137
2010,41,44525.0,9504804.0,213.4711734980348119,116.183950544384,1.0,3870.0,-18.8967275907331881,445.8390745868028119
2010,31,26195.0,3584463.0,136.8376789463638099,82.6326698140363483,1.0,2250.0,-28.4276606817088867,302.1030185744365065
2010,32,47576.0,7825741.0,164.4892592903985203,127.164320317360,1.0,5100.0,-89.8393813443214797,418.8178999251185203
2010,54,18315.0,2465948.0,134.6408954408954409,103.3082957628549251,1.0,6050.0,-71.9756960848144093,341.2574869666052911
2010,33,14982.0,3110385.0,207.6081297557068482,116.995703119450,1.0,3000.0,-26.3832764831931518,441.5995359946068482
2010,16,23448.0,3803074.0,162.1918287273967929,114.324635127590,1.0,4515.0,-66.4574415277832071,390.8410989825767929
2010,72,25247.0,3395702.0,134.4992276310056640,121.253852317571,6.0,4650.0,-108.0084770041363360,377.0069322661476640
2010,21,48925.0,6894001.0,140.9095758814512008,93.0927476622889299,1.0,4375.0,-45.2759194431266590,327.0950712060290606
2010,53,96726.0,23852276.0,246.5963236358373136,160.866214931093,1.0,8620.0,-75.1361062263486864,568.3287534980233136
2010,45,63110.0,11185165.0,177.2328474092853747,148.762907745196,1.0,4900.0,-120.2929680811066253,474.7586628996773747
2010,49,38759.0,7977147.0,205.8140560901984055,139.649771553830,1.0,4975.0,-73.4854870174615945,485.1135991978584055
2010,11,10452.0,3832182.0,366.6458094144661309,230.380685894265,1.0,3300.0,-94.1155623740638691,827.4071812029961309
2010,10,12645.0,2650106.0,209.5773823645709767,131.259965509909,1.0,2500.0,-52.9425486552470233,472.0973133843889767
2010,24,81519.0,22023392.0,270.1626859995829193,167.265884833931,1.0,7300.0,-64.3690836682790807,604.6944556674449193
2010,19,43103.0,5578070.0,129.4125698907268636,80.4770557373584307,1.0,1720.0,-31.5415415839899978,290.3666813654437250
2010,01,58259.0,8974168.0,154.0391699136614085,113.759897299018,1.0,12000.0,-73.4806246843745915,381.5589645116974085
2010,06,415302.0,129139381.0,310.9529474936311407,273.521335285406,1.0,20000.0,-236.0897230771808593,857.9956180644431407
2010,NA,164287.0,29759373.0,181.1425919275414366,162.376232790202,1.0,5728.0,-143.6098736528625634,505.8950575079454366
2010,40,53681.0,7276324.0,135.5474748980086064,94.6109737285010308,1.0,3800.0,-53.6744725589934552,324.7694223550106680
2010,37,124477.0,22651857.0,181.9762446074375186,126.200582895893,1.0,6000.0,-70.4249211843484814,434.3774103992235186
2010,08,84777.0,19354080.0,228.2939948335043703,212.789991984560,1.0,30000.0,-197.2859891356156297,653.8739788026243703
2010,29,86763.0,12452829.0,143.5269527333079769,104.558590540099,1.0,5131.0,-65.5902283468900231,352.6441338135059769
2010,56,8574.0,1668632.0,194.6153487287147189,146.828746075904,1.0,4200.0,-99.0421434230932811,488.2728408805227189
2010,39,126056.0,17600046.0,139.6208510503268389,97.6633361189758833,1.0,5400.0,-55.7058211876249277,334.9475232882786055
2010,13,123817.0,21102921.0,170.4363778802587690,133.828995359465,1.0,9528.0,-97.2216128386712310,438.0943685991887690
2010,27,70196.0,12148324.0,173.0629095674967235,117.960151003423,1.0,4500.0,-62.8573924393492765,408.9832115743427235
2010,44,11015.0,2326910.0,211.2492056286881525,133.543241130840,3.0,3000.0,-55.8372766329918475,478.3356878903681525
2009,32,61871.0,10274343.0,166.0607231174540576,132.844115871797,1.0,5000.0,-99.6275086261399424,431.7489548610480576
2009,31,29595.0,3802717.0,128.4918736273019091,76.8021612140064529,1.0,1700.0,-25.1124488007109967,282.0961960553148149
2009,41,52190.0,10703649.0,205.0900364054416555,146.642554728189,1.0,9583.0,-88.1950730509363445,498.3751458618196555
2009,35,22549.0,3834720.0,170.0616435318639408,123.488470537387,1.0,4480.0,-76.9152975429100592,417.0385846066379408
2009,30,13728.0,2376829.0,173.1373106060606061,191.301411192393,1.0,16900.0,-209.4655117787253939,555.7401329908466061
2009,22,55473.0,8713614.0,157.0784706073224812,102.144637441517,1.0,4000.0,-47.2108042757115188,361.3677454903564812
2009,20,47154.0,6573199.0,139.3985451923484752,470.532264557368,1.0,99999.0,-801.6659839223875248,1080.4630743070844752
2009,05,48965.0,6148581.0,125.5709384254059022,95.9740048979634080,1.0,6326.0,-66.3770713705209138,317.5189482213327182
2009,04,116452.0,19694877.0,169.1244203620375777,156.823871433288,1.0,10000.0,-144.5233225045384223,482.7721632286135777
2009,09,41915.0,10915000.0,260.4079685076941429,281.777436606558,1.0,10000.0,-303.1469047054218571,823.9628417208101429
2009,34,102014.0,27936900.0,273.8535887231164350,204.321461610764,1.0,14000.0,-134.7893344984115650,682.4965119446444350
2009,23,15812.0,2625514.0,166.0456615228940046,128.137401505914,1.0,3150.0,-90.2291414889339954,422.3204645347220046
2009,26,108524.0,12825525.0,118.1814621650510486,93.9859459162797847,1.0,3999.0,-69.7904296675085208,306.1533539976106180
2009,28,33564.0,4402985.0,131.1817721368132523,88.5472921558483435,1.0,5121.0,-45.9128121748834347,308.2763564485099393
2009,47,96484.0,14511912.0,150.4074457941213051,114.802141687631,1.0,5760.0,-79.1968375811406949,380.0117291693833051
2009,25,90058.0,21595721.0,239.7979191187901130,195.388252259448,1.0,8126.0,-150.9785854001058870,630.5744236376861130
2009,50,6921.0,1261589.0,182.2842074844675625,114.620344639094,1.0,2080.0,-46.9564817937204375,411.5248967626555625
2009,55,71468.0,10486065.0,146.7239183970448313,102.037766758832,1.0,7544.0,-57.3516151206191687,350.7994519147088313
2009,38,9988.0,1338507.0,134.0115138165798959,78.0748227594831717,1.0,2939.0,-22.1381317023864475,290.1611593355462393
2009,12,259218.0,46364785.0,178.8640642239350662,191.243014304882,1.0,12600.0,-203.6219643858289338,561.3500928336990662
2009,51,142435.0,34579002.0,242.7704005335767192,171.472013314592,1.0,5620.0,-100.1736260956072808,585.7144271627607192
2009,18,86230.0,10638293.0,123.3711353357300244,84.3567412191695412,1.0,2200.0,-45.3423471026090580,292.0846177740691068
2009,48,397819.0,59195948.0,148.8012085898360812,163.121148358421,1.0,50600.0,-177.4410881270059188,475.0435053066780812
2009,46,13319.0,1869753.0,140.3823860650198964,104.0832257313504565,1.0,4925.0,-67.7840653976810166,348.5488375277208094
2009,02,10721.0,2466026.0,230.0182818766906072,105.8213991072948764,1.0,1650.0,18.3754836621008544,441.6610800912803600
2009,17,160858.0,28792912.0,178.9958348356935931,197.250169657530,1.0,47000.0,-215.5045044793664069,573.4961741507535931
2009,54,18058.0,2357339.0,130.5426403809945730,103.0423691352782563,1.0,3138.0,-75.5420978895619396,336.6273786515510856
2009,15,14938.0,5456556.0,365.2802249297094658,309.456196214489,1.0,11998.0,-253.6321674992685342,984.1926173586874658
2009,42,153297.0,25056471.0,163.4504980527994677,122.916050457433,1.0,5925.0,-82.3816028620665323,409.2825989676654677
2009,36,172024.0,46917269.0,272.7367634748639725,311.704685235472,1.0,22000.0,-350.6726069960800275,896.1461339458079725
2009,44,12396.0,2452222.0,197.8236527912229752,144.532790995165,1.0,4130.0,-91.2419291991070248,486.8892347815529752
2009,13,140557.0,23198009.0,165.0434272216965359,159.189648031026,1.0,21000.0,-153.3358688403554641,483.4227232837485359
2009,27,79742.0,13061135.0,163.7924180482054626,112.653610428443,1.0,3000.0,-61.5148028086805374,389.0996389050914626
2009,39,132296.0,17194718.0,129.9715637661002600,95.6233948211458254,1.0,9500.0,-61.2752258761913908,321.2183534083919108
2009,29,98019.0,13139371.0,134.0492251502259766,104.639886763420,1.0,6052.0,-75.2305483766140234,343.3289986770659766
2009,56,8689.0,1624355.0,186.9438370353320290,174.638082939964,1.0,9260.0,-162.3323288445959710,536.2200029152600290
2009,37,132803.0,22973446.0,172.9889083830937554,133.843190951296,1.0,4250.0,-94.6974735194982446,440.6752902856857554
2009,08,99617.0,20610973.0,206.9021652930724676,211.978180531089,1.0,21000.0,-217.0541957691055324,630.8585263552504676
2009,40,63365.0,7956976.0,125.5736763197348694,87.7646550211528284,1.0,2920.0,-49.9556337225707874,301.1029863620405262
2009,06,519273.0,151862458.0,292.4520589362435559,277.616824558431,1.0,67200.0,-262.7815901806184441,847.6857080531055559
2009,01,60097.0,8928318.0,148.5651197231142986,117.321904192443,1.0,10000.0,-86.0786886617717014,383.2089281080002986
2009,19,45385.0,5549081.0,122.2668502809298226,81.3189079416940535,1.0,3655.0,-40.3709656024582844,284.9046661643179296
2009,NA,222228.0,39948321.0,179.7627706679626330,155.347126193548,1.0,13500.0,-130.9314817191333670,490.4570230550586330
2009,24,88871.0,23048859.0,259.3518583114851864,173.662298166089,1.0,5400.0,-87.9727380206928136,606.6764546436631864
2009,10,13435.0,2772606.0,206.3718645329363603,144.295658880346,1.0,4000.0,-82.2194532277556397,494.9631822936283603
2009,45,66112.0,11306276.0,171.0170014520813166,152.592737057228,1.0,4791.0,-134.1684726623746834,476.2024755665373166
2009,11,11561.0,4055600.0,350.8001037972493729,245.651762660599,1.0,4750.0,-140.5034215239486271,842.1036291184473729
2009,49,46573.0,9323426.0,200.1895089429497778,165.588582260318,1.0,6720.0,-130.9876555776862222,531.3666734635857778
2009,53,105276.0,25487812.0,242.1046772293780159,161.720362021447,1.0,8000.0,-81.3360468135159841,565.5454012722720159
2009,21,53055.0,6899416.0,130.0427103948732447,89.7609193437019643,1.0,4600.0,-49.4791282925306839,309.5645490822771733
2009,72,31656.0,4316785.0,136.3654599444023250,130.279583080453,1.0,4000.0,-124.1937062165036750,396.9246261053083250
2009,16,25926.0,4156757.0,160.3315976240067886,122.606007151339,1.0,3600.0,-84.8804166786712114,405.5436119266847886
2009,33,17054.0,3213488.0,188.4301630116101794,117.119487673993,2.0,2300.0,-45.8088123363758206,422.6691383595961794
2008,45,319124.0,60020668.0,188.0794550080846317,181.982390047954,1.0,5663.0,-175.8853250878233683,552.0442351039926317
2008,49,205312.0,48151980.0,234.5307629364089776,211.141359747108,1.0,6675.0,-187.7519565578070224,656.8134824306249776
2008,11,46724.0,16270976.0,348.2359387038780926,260.275938280772,1.0,7000.0,-172.3159378576659074,868.7878152654220926
2008,10,59188.0,13479708.0,227.7439345813340542,157.232469789246,1.0,4100.0,-86.7210049971579458,542.2088741598260542
2008,24,341180.0,97588940.0,286.0335893076968169,194.044100799841,1.0,7000.0,-102.0546122919851831,674.1217909073788169
2008,01,288776.0,44473340.0,154.0063578690749924,122.166517144715,1.0,7000.0,-90.3266764203550076,398.3393921585049924
2008,06,2209420.0,753590256.0,341.0805804238216364,315.355435315270,1.0,25000.0,-289.6302902067183636,971.7914510543616364
2008,19,186688.0,23094152.0,123.7045337675694206,83.7422140515653683,1.0,2175.0,-43.7798943355613160,291.1889618707001572
2008,NA,1136408.0,218069820.0,191.8939500601896502,163.561481283901,1.0,8000.0,-135.2290125076123498,519.0169126279916502
2008,40,258548.0,32903964.0,127.2644305892909634,92.4583734560092457,1.0,2880.0,-57.6523163227275280,312.1811775013094548
2008,08,440436.0,101059716.0,229.4538048660872408,249.816593130547,1.0,23000.0,-270.1793813950067592,729.0869911271812408
2008,37,650400.0,121225768.0,186.3864821648216482,156.687963911892,1.0,6500.0,-126.9894456589623518,499.7624099886056482
2008,33,63832.0,13726372.0,215.0390399799473618,131.239806245332,1.0,2664.0,-47.4405725107166382,477.5186524706113618
2008,16,106584.0,20251468.0,190.0047661938001952,162.076355035371,1.0,8640.0,-134.1479438769418048,514.1574762645421952
2008,72,183864.0,26342828.0,143.2734412391767828,136.652599389806,6.0,4585.0,-130.0317575404352172,416.5786400187887828
2008,21,220280.0,29801536.0,135.2893408389322680,123.364891691426,1.0,17000.0,-111.4404425439197320,382.0191242217842680
2008,53,465688.0,124938352.0,268.2876775867104156,189.337158336424,1.0,11700.0,-110.3866390861375844,646.9619942595584156
2008,42,656576.0,112563808.0,171.4406374890340189,188.218275093011,1.0,54000.0,-204.9959126969879811,547.8771876750560189
2008,15,72244.0,30402800.0,420.8349482309949615,338.954296212323,1.0,13000.0,-257.0736441936510385,1098.7435406556409615
2008,32,237300.0,56352488.0,237.4736114622840287,253.241446354352,1.0,37889.0,-269.0092812464199713,743.9565041709880287
2008,54,79060.0,10556500.0,133.5251707563875538,106.716449995334,1.0,2720.0,-79.9077292342804462,346.9580707470555538
2008,29,394660.0,56683436.0,143.6259970607611615,116.430508869737,1.0,8400.0,-89.2350206787128385,376.4870148002351615
2008,56,36176.0,7052556.0,194.9512383900928793,228.358040265330,1.0,9800.0,-261.7648421405671207,651.6673189207528793
2008,39,587224.0,79204728.0,134.8799231639033827,141.961063277182,1.0,36460.0,-149.0422033904606173,418.8020497182673827
2008,47,409028.0,65378588.0,159.8389058939730287,130.857983288710,1.0,4800.0,-101.8770606834469713,421.5548724713930287
2008,13,646968.0,120268648.0,185.8958217407970719,170.464383566591,1.0,21000.0,-155.0329453923849281,526.8245888739790719
2008,27,301584.0,56657024.0,187.8648204148761207,148.547093773358,1.0,8500.0,-109.2293671318398793,484.9590079615921207
2008,28,150964.0,20874804.0,138.2767017302138258,96.7872750841413091,1.0,6500.0,-55.2978484380687924,331.8512518984964440
2008,26,455900.0,61940164.0,135.8634876069313446,119.181315233793,1.0,5000.0,-102.4991428606546554,374.2261180745173446
2008,44,51900.0,11821168.0,227.7681695568400771,200.115557408719,1.0,12800.0,-172.4629452605979229,627.9992843742780771
2008,09,183772.0,52951948.0,288.1393683477352371,338.970621196219,1.0,22000.0,-389.8018740447027629,966.0806107401732371
2008,23,61628.0,11097060.0,180.0652300902187317,144.030129168227,1.0,6563.0,-107.9950282462352683,468.1254884266727317
2008,34,474156.0,143841020.0,303.3622267776849813,216.148456614782,1.0,8100.0,-128.9346864518790187,735.6591400072489813
2008,36,858164.0,278603896.0,324.6511109764567146,395.009169763775,1.0,26750.0,-465.3672285510932854,1114.6694505040067146
2008,04,456024.0,100419680.0,220.2070066487728716,209.406814684986,1.0,11142.0,-198.6066227211991284,639.0206360187448716
2008,05,187848.0,23954792.0,127.5222094459350113,95.0856351120630072,1.0,4259.0,-62.6490607781910031,317.6934796700610257
2008,12,1220256.0,281089412.0,230.3528210473867779,256.929409306602,1.0,18000.0,-283.5059975658172221,744.2116396605907779
2008,55,290120.0,46332324.0,159.7005514959327175,119.758961629309,1.0,7506.0,-79.8173717626852825,399.2184747545507175
2008,38,39448.0,5107408.0,129.4719123909957412,88.6488829882503215,1.0,5235.0,-47.8258535855049018,306.7696783674963842
2008,25,360016.0,97090684.0,269.6843584729567575,232.237323844600,1.0,11275.0,-194.7902892162432425,734.1590061621567575
2008,50,26172.0,5302424.0,202.5991135564725661,149.873996202360,4.0,3500.0,-97.1488788482474339,502.3471059611925661
2008,17,721520.0,149137168.0,206.6985918616254574,181.408243763067,1.0,7500.0,-156.1178956645085426,569.5150793877594574
2008,02,42352.0,9680100.0,228.5629958443520967,104.817117992694,1.0,1173.0,18.9287598589640967,438.1972318297400967
2008,48,1760060.0,281908168.0,160.1696351260752474,142.849362795483,1.0,10000.0,-125.5290904648907526,445.8683607170412474
2008,51,584864.0,148218076.0,253.4231479455052799,180.581444318468,1.0,6175.0,-107.7397406914307201,614.5860365824412799
2008,18,370956.0,47296680.0,127.4994338951250283,96.5431249638036016,1.0,4410.0,-65.5868160324821749,320.5856838227322315
2008,46,53532.0,7666188.0,143.2075767765075095,171.230290098561,1.0,17000.0,-199.2530034206144905,485.6681569736295095
2008,20,195812.0,32838348.0,167.7034502481972504,1338.321987997873,1.0,95000.0,-2508.9405257475487496,2844.3474262439432504
2008,22,234824.0,37072748.0,157.8746124757265016,104.025265228302,1.0,3061.0,-50.1759179808774984,365.9251429323305016
2008,30,56984.0,10485772.0,184.0125649305068089,170.164296103247,1.0,10000.0,-156.3160272759871911,524.3411571370008089
2008,35,107252.0,19457524.0,181.4187520978629769,136.213299582492,1.0,4800.0,-91.0078470671210231,453.8453512628469769
2008,41,228696.0,54937276.0,240.2196627837828384,144.591047473598,1.0,4000.0,-48.9624321634131616,529.4017577309788384
2008,31,113900.0,14779016.0,129.7543107989464442,121.219830307204,1.0,15640.0,-112.6853498154615558,372.1939714133544442
2007,40,87120.0,10026710.0,115.0907943067033976,91.7628062231190088,1.0,4000.0,-68.4348181395346200,298.6164067529414152
2007,08,168094.0,36518938.0,217.2530726855211965,243.271610773052,1.0,25550.0,-269.2901488605828035,703.7962942316251965
2007,37,262699.0,45561879.0,173.4375806531429507,157.309725089212,1.0,9183.0,-141.1818695252810493,488.0570308315669507
2007,24,149293.0,38450562.0,257.5510037309183954,199.673729912264,1.0,9000.0,-141.7964560936096046,656.8984635554463954
2007,01,112329.0,16377226.0,145.7969535916815782,120.732580677053,1.0,6320.0,-95.6682077624244218,387.2621149457875782
2007,06,748834.0,281781818.0,376.2941025647873895,387.813749772373,1.0,94553.0,-399.3333969799586105,1151.9216021095333895
2007,19,68158.0,7906775.0,116.0065582910296664,88.1750556729343309,1.0,8000.0,-60.3435530548389954,292.3566696368983282
2007,NA,417971.0,80859406.0,193.4569766802003010,220.212974456356,1.0,71100.0,-246.9689722325116990,633.8829255929123010
2007,45,125058.0,22855117.0,182.7561371523613044,194.472321595323,1.0,11798.0,-206.1885060382846956,571.7007803430073044
2007,49,97340.0,20143201.0,206.9365214711321142,209.414537564615,1.0,6300.0,-211.8925536580978858,625.7655966003621142
2007,11,18777.0,5945352.0,316.6294935293177824,253.058769261559,1.0,4900.0,-189.4880449938002176,822.7470320524357824
2007,10,25246.0,5483860.0,217.2169848688901212,158.099545366436,1.0,3294.0,-98.9821058639818788,533.4160756017621212
2007,21,80463.0,10237300.0,127.2299069137367486,99.8183472253117692,1.0,3060.0,-72.4067875368867898,326.8666013643602870
2007,53,210889.0,52022317.0,246.6810359952392017,200.300787987108,1.0,22253.0,-153.9205399789767983,647.2826119694552017
2007,72,49453.0,7478977.0,151.2340404019978566,173.205046503500,1.0,16000.0,-195.1760526050021434,497.6441334089978566
2007,33,25521.0,5100555.0,199.8571764429293523,137.704008019993,1.0,5000.0,-75.5508395970566477,475.2651924829153523
2007,16,46876.0,8370415.0,178.5650439457291578,166.570256404102,1.0,9600.0,-154.5754688624748422,511.7055567539331578
2007,54,26165.0,3418494.0,130.6514045480603860,122.062655661896,1.0,3500.0,-113.4739067757316140,374.7767158718523860
2007,15,30417.0,12011202.0,394.8845053752835585,387.858678295182,1.0,14500.0,-380.8328512150804415,1170.6018619656475585
2007,22,83243.0,12299667.0,147.7561716901120815,102.661274499504,1.0,2455.0,-57.5663773088959185,353.0787206891200815
2007,42,245169.0,38359117.0,156.4598990900154587,151.523962032253,1.0,29000.0,-146.5880249744905413,459.5078231545214587
2007,20,70380.0,8992906.0,127.7764421710713271,103.112690539936,1.0,3237.0,-78.4489389088006729,334.0018232509433271
2007,04,203777.0,46705586.0,229.1994974899031785,217.263024887121,1.0,7353.0,-205.3265522843388215,663.7255472641451785
2007,36,317749.0,96466732.0,303.5941324756332829,350.243903116735,1.0,22500.0,-396.8936737578367171,1004.0819387091032829
2007,05,63650.0,7784941.0,122.3085781618224666,90.6894032827425346,1.0,3368.0,-59.0702284036626026,303.6873847273075358
2007,09,78625.0,21640598.0,275.2381303656597774,336.300380577939,1.0,20000.0,-397.3626307902182226,947.8388915215377774
2007,23,23267.0,4103223.0,176.3537628400739244,152.409440479948,5.0,5000.0,-128.4651181198220756,481.1726437999699244
2007,34,196597.0,55522279.0,282.4167154127479056,216.244164749301,1.0,8000.0,-150.0716140858540944,714.9050449113499056
2007,13,274174.0,48115352.0,175.4920306082998388,157.345680236067,1.0,9100.0,-139.1993298638341612,490.1833910804338388
2007,27,109416.0,20256673.0,185.1344684506836295,154.228026008406,1.0,8700.0,-123.3215835661283705,493.5905204674956295
2007,28,52464.0,6939955.0,132.2803255565721256,94.2185649846332411,1.0,3000.0,-56.1568044126943566,320.7174555258386078
2007,26,181418.0,24461857.0,134.8369897143613092,139.081522140968,1.0,9375.0,-143.3260545675746908,413.0000339962973092
2007,44,19563.0,4482594.0,229.1363287839288453,230.707133580823,3.0,13400.0,-232.2779383777171547,690.5505959455748453
2007,29,155949.0,21076438.0,135.1495553033363471,128.266089328770,1.0,20000.0,-121.3826233542036529,391.6817339608763471
2007,56,13551.0,2494535.0,184.0849383809312966,181.919266233693,1.0,7350.0,-179.7535940864547034,547.9234708483172966
2007,39,221848.0,28691233.0,129.3283374202156431,109.501697664821,1.0,5110.0,-89.6750579094263569,348.3317327498576431
2007,47,164849.0,24082420.0,146.0877530345952963,127.024487070289,1.0,5000.0,-107.9612211059827037,400.1367271751732963
2007,25,131800.0,33797268.0,256.4284370257966616,224.998032517661,1.0,10800.0,-193.5676280095253384,706.4245020611186616
2007,50,9688.0,1875387.0,193.5783443435177539,148.355621303400,2.0,3000.0,-103.1328982632822461,490.2895869503177539
2007,55,115548.0,17656993.0,152.8108924429674248,116.624117823900,1.0,5712.0,-80.4373432048325752,386.0591280907674248
2007,38,12205.0,1415941.0,116.0131913150348218,71.5847791277548244,3.0,1280.0,-27.1563669404748270,259.1827495705444706
2007,12,558860.0,132281446.0,236.6987188204559281,290.638732067881,1.0,99999.0,-344.5787453153060719,817.9761829562179281
2007,18,142055.0,17009923.0,119.7418112702826370,96.1778027832209697,1.0,5129.0,-72.6137942961593024,312.0974168367245764
2007,48,699925.0,99656858.0,142.3821952352037718,204.133821529674,1.0,92800.0,-265.8854478241442282,550.6498382945517718
2007,51,207781.0,50546312.0,243.2672477271742845,197.936244245536,1.0,18000.0,-152.6052407638977155,639.1397362182462845
2007,46,17908.0,2380980.0,132.9562206834934108,96.3061110065236893,1.0,3900.0,-59.6560013295539678,325.5684426965407894
2007,02,14717.0,3118665.0,211.9090167833118163,115.6181635500805782,1.0,1680.0,-19.3273103168493401,443.1453438834729727
2007,17,320080.0,62716106.0,195.9388465383654086,177.031262842967,1.0,8000.0,-158.1236791475685914,550.0013722242994086
2007,32,87016.0,22430782.0,257.7776730716190126,232.636199949407,1.0,10000.0,-207.4947268271949874,723.0500729704330126
2007,31,39715.0,4790827.0,120.6301649250912753,81.3588651647000395,1.0,2000.0,-42.0875654043088037,283.3478952544913543
2007,30,22029.0,3879726.0,176.1190249216941305,202.364458279583,1.0,10000.0,-228.6098916374718695,580.8479414808601305
2007,35,47764.0,8026741.0,168.0500167490159953,128.724792404226,1.0,2800.0,-89.3995680594360047,425.4996015574679953
2007,41,105650.0,22929191.0,217.0297302413629910,159.805934767991,1.0,8372.0,-102.5821392946190090,536.6415997773449910
2006,17,397490.0,69998278.0,176.1007270623160331,166.250289993320,1.0,14300.0,-156.3998529243239669,508.6013070489560331
2006,02,16996.0,3216647.0,189.2590609555189456,113.743881207679,1.0,2420.0,-38.2287014598390544,416.7468233708769456
2006,51,257854.0,58876994.0,228.3346157127676902,192.775204364255,1.0,10400.0,-157.2157930157423098,613.8850244412776902
2006,46,18992.0,2233300.0,117.5916175231676495,83.6088910549969734,1.0,2800.0,-49.6261645868262973,284.8093996331615963
2006,48,770822.0,93936060.0,121.8647884985119781,124.949958584264,1.0,9400.0,-128.0351286700160219,371.7647056670399781
2006,18,168550.0,18719236.0,111.0604331059032928,94.4199402850177761,1.0,2573.0,-77.7794474641322594,299.9003136759388450
2006,12,794435.0,166787417.0,209.9446990628559920,238.925576764246,1.0,90000.0,-267.9064544656360080,687.7958525913479920
2006,55,133674.0,18833341.0,140.8900833370737765,118.032015421055,1.0,6300.0,-95.1739475050362235,376.9541141791837765
2006,38,13325.0,1404774.0,105.4239399624765478,69.4128429195197039,1.0,1148.0,-33.4017458765628600,244.2496258015159556
2006,25,141751.0,33689957.0,237.6699776368420681,220.321193339141,1.0,12500.0,-202.9724090414399319,678.3123643151240681
2006,50,10587.0,1941920.0,183.4249551336544819,147.157456926009,2.0,3750.0,-110.8899587183635181,477.7398689856724819
2006,47,191872.0,24652856.0,128.4859489659773182,120.501556282135,1.0,11646.0,-112.5171635982926818,369.4890615302473182
2006,26,220098.0,27686382.0,125.7911566665757981,129.663561123608,1.0,8750.0,-133.5359655806402019,385.1182789137917981
2006,28,58111.0,6907389.0,118.8654299530209427,85.4987330007265296,1.0,3075.0,-52.1320360484321165,289.8628959544740019
2006,34,224613.0,58847733.0,261.9961133149016308,217.701693559787,1.0,13250.0,-173.4072738046723692,697.3995004344756308
2006,09,86977.0,21323929.0,245.1674465663336284,295.330383437125,1.0,10850.0,-345.4933203079163716,835.8282134405836284
2006,23,25002.0,4070801.0,162.8190144788416927,138.365105303057,1.0,3600.0,-113.9111961272723073,439.5492250849556927
2006,05,69045.0,7882529.0,114.1650952277500181,89.9121792366367430,1.0,2300.0,-65.6592632455234679,293.9894537010235041
2006,36,349501.0,95160418.0,272.2750950641056821,303.525130487593,1.0,16000.0,-334.7751659110803179,879.3253560392916821
2006,04,277816.0,55842089.0,201.0038622685518473,193.688143152104,1.0,17500.0,-186.3724240356561527,588.3801485727598473
2006,42,275528.0,39573879.0,143.6292463923811736,130.628928012073,1.0,9600.0,-117.6286096317648264,404.8871024165271736
2006,20,75991.0,8943078.0,117.6860154491979313,108.647151267145,1.0,10000.0,-99.6082870850920687,334.9803179834879313
2006,22,93744.0,12533509.0,133.6993194231097457,98.5108998096893315,1.0,2800.0,-63.3224801962689173,330.7211190424884087
2006,41,133347.0,24411195.0,183.0651983171724898,146.599110042771,1.0,4090.0,-110.1330217683695102,476.2634184027144898
2006,30,25277.0,3966510.0,156.9217074811093089,194.534724973638,1.0,15500.0,-232.1477424661666911,545.9911574283853089
2006,35,59679.0,8920738.0,149.4786775917827041,124.530313571614,1.0,3500.0,-99.5819495514452959,398.5393047350107041
2006,15,32344.0,11855291.0,366.5375649270343804,335.402340479356,1.0,12220.0,-304.2671160316776196,1037.3422458857463804
2006,31,43631.0,4866796.0,111.5444523389333272,83.1329011085668915,1.0,2600.0,-54.7213498782004558,277.8102545560671102
2006,54,29801.0,3671417.0,123.1977785980336230,112.386900090018,1.0,3530.0,-101.5760215820023770,347.9715787780696230
2006,32,135300.0,30189187.0,223.1277679231337768,190.554316257519,1.0,7250.0,-157.9808645919042232,604.2364004381717768
2006,16,63880.0,9487044.0,148.5135253600500939,143.132215149290,1.0,6325.0,-137.7509049385299061,434.7779556586300939
2006,33,29676.0,5393290.0,181.7391157837983556,134.070816609602,1.0,3000.0,-86.4025174354056444,449.8807490030023556
2006,72,59114.0,9121150.0,154.2976283113983151,181.792053205365,1.0,20805.0,-209.2864780993316849,517.8817347221283151
2006,53,253294.0,52950728.0,209.0484891075193254,177.479395945085,1.0,7989.0,-145.9103027826506746,564.0072809976893254
2006,21,87535.0,10402553.0,118.8387844862055178,134.271832828507,1.0,27000.0,-149.7048811708084822,387.3824501432195178
2006,10,28317.0,5571822.0,196.7659709715012183,157.807396506638,1.0,4200.0,-118.8488220417747817,512.3807639847772183
2006,49,120375.0,19316493.0,160.4693084112149533,167.271480398137,1.0,6800.0,-174.0736523850590467,495.0122692074889533
2006,45,144293.0,23757814.0,164.6498028317381994,247.378024715523,1.0,65600.0,-330.1062465993078006,659.4058522627841994
2006,11,21256.0,6160559.0,289.8268253669552126,254.878238884733,1.0,8400.0,-219.9296524025107874,799.5833031364212126
2006,NA,365063.0,65574878.0,179.6261960264392721,168.947373492308,1.0,10000.0,-158.2685509581767279,517.5209430110552721
2006,01,121104.0,15978292.0,131.9385982296208218,133.450455533563,1.0,22000.0,-134.9623128375051782,398.8395092967468218
2006,19,73460.0,7884783.0,107.3343724475905255,85.5997620553777947,1.0,4602.0,-63.8651516631650639,278.5338965583461149
2006,06,952319.0,330975336.0,347.5467107135319153,313.188376930096,1.0,24850.0,-278.8300431466600847,973.9234645737239153
2006,24,196529.0,44715184.0,227.5246095996010767,194.212129601696,1.0,15000.0,-160.8996496037909233,615.9488688029930767
2006,37,295049.0,45176930.0,153.1167026493904402,159.994405670261,1.0,38000.0,-166.8721086911315598,473.1055139899124402
2006,08,199799.0,37493917.0,187.6581814723797416,223.154140900018,1.0,20000.0,-258.6501003276562584,633.9664632724157416
2006,40,91796.0,9581764.0,104.3810623556581986,91.0623010987344870,1.0,5000.0,-77.7435398418107754,286.5056645531271726
2006,39,266533.0,32585459.0,122.2567524471641410,241.501724138294,1.0,80000.0,-360.7466958294238590,605.2602007237521410
2006,29,178320.0,21765680.0,122.0596680125616869,107.922982839111,1.0,6000.0,-93.7862976656603131,337.9056336907836869
2006,56,14668.0,2259236.0,154.0248159258249250,179.688101055902,1.0,6400.0,-205.3513861859790750,513.4010180376289250
2006,44,23161.0,4754780.0,205.2925175942316826,164.917530705745,1.0,3188.0,-124.5425438172583174,535.1275790057216826
2006,13,347971.0,52666086.0,151.3519402478942211,140.990580501287,1.0,10000.0,-130.6292207546797789,433.3331012504682211
2006,27,142442.0,23614058.0,165.7801631541258898,150.516490199801,1.0,10500.0,-135.2528172454761102,466.8131435537278898
2005,02,15015.0,2825198.0,188.1583749583749584,105.4692867136180940,1.0,1600.0,-22.7801984688612296,399.0969483856111464
2005,18,154712.0,17381178.0,112.3453772170225968,90.0026867297736371,1.0,3000.0,-67.6599962425246774,292.3507506765698710
2005,46,17865.0,2066277.0,115.6606213266162888,81.4381767453768863,1.0,1625.0,-47.2157321641374838,278.5369748173700614
2005,48,668292.0,77224804.0,115.5554817355287808,123.525632049716,1.0,40000.0,-131.4957823639032192,362.6067458349607808
2005,51,286704.0,66573301.0,232.2022050616663876,185.342107324230,1.0,12500.0,-138.4820095867936124,602.8864197101263876
2005,17,376076.0,66652607.0,177.2317483700103171,160.878244641939,1.0,25541.0,-144.5247409138676829,498.9882376538883171
2005,25,148621.0,37979036.0,255.5428640636249251,301.675462542903,1.0,80000.0,-347.8080610221810749,858.8937891494309251
2005,50,10895.0,1953619.0,179.3133547498852685,144.398205552360,1.0,2500.0,-109.4830563548347315,468.1097658546052685
2005,12,850662.0,175214039.0,205.9737463293293929,215.812574215968,1.0,42600.0,-225.6514021026066071,637.5988947612653929
2005,55,137058.0,19357667.0,141.2370456303170920,126.103835893635,1.0,17500.0,-110.9706261569529080,393.4447174175870920
2005,38,13076.0,1341585.0,102.5990364025695931,67.5143090833533993,1.0,2150.0,-32.4295817641372055,237.6276545692763917
2005,09,90282.0,22490723.0,249.1163576349659954,295.385458394158,1.0,12000.0,-341.6545591533500046,839.8872744232819954
2005,23,25014.0,4077019.0,162.9894858879027744,133.048185042973,1.0,2500.0,-103.1068841980432256,429.0858559738487744
2005,34,224263.0,59805812.0,266.6771246259971551,207.694400345003,1.0,10030.0,-148.7116760640088449,682.0659253160031551
2005,05,67491.0,7497378.0,111.0870782771036138,87.4317693242448208,1.0,3153.0,-63.7764603713860278,285.9506169255932554
2005,04,316675.0,57935376.0,182.9490044998815821,163.405989064504,1.0,7000.0,-143.8629736291264179,509.7609826288895821
2005,47,169077.0,21250115.0,125.6830615636662586,110.979734839230,1.0,5240.0,-96.2764081147937414,347.6425312421262586
2005,26,237941.0,32131082.0,135.0380220306714690,135.249347381465,1.0,15753.0,-135.4606727322585310,405.5367167936014690
2005,44,24413.0,5107076.0,209.1949371236636218,161.786272406844,1.0,6082.0,-114.3776076900243782,532.7674819373516218
2005,13,310041.0,45842093.0,147.8581639202557081,164.742058694722,1.0,52860.0,-181.6259534691882919,477.3422813096997081
2005,27,154343.0,25783446.0,167.0529016541080580,129.556369403944,1.0,5000.0,-92.0598371537799420,426.1656404619960580
2005,28,52988.0,5870141.0,110.7824601796633200,82.0716631481736134,1.0,2100.0,-53.3608661166839068,274.9257864760105468
2005,31,40355.0,4440498.0,110.0358815512328088,80.3765361973490006,1.0,2000.0,-50.7171908434651924,270.7889539459308100
2005,54,30405.0,3681521.0,121.0827495477717481,100.7765395628577593,1.0,2640.0,-80.4703295779437705,322.6358286734872667
2005,32,157022.0,34164467.0,217.5775814853969507,168.196003962613,1.0,5600.0,-118.8144264398290493,553.9695894106229507
2005,20,70884.0,8225205.0,116.0375402065346199,94.7984801886479908,1.0,1900.0,-73.5594201707613617,305.6345005838306015
2005,22,84496.0,10465725.0,123.8605969513349744,94.6271143714349369,1.0,3078.0,-65.3936317915348994,313.1148256942048482
2005,42,259976.0,37213496.0,143.1420438809736283,126.685846018851,1.0,6300.0,-110.2296481567283717,396.5137359186756283
2005,41,137178.0,22989590.0,167.5894822784994678,129.096689335306,1.0,4000.0,-90.6038963921125322,425.7828609491114678
2005,15,38009.0,12450694.0,327.5722592017680023,287.009526893129,1.0,7200.0,-246.4467945844899977,901.5913129880260023
2005,30,23101.0,3434537.0,148.6748192718929916,214.696489207497,1.0,20000.0,-280.7181591431010084,578.0677976868869916
2005,35,55115.0,7656500.0,138.9186246938220085,117.691574200230,1.0,6000.0,-96.4645237066379915,374.3017730942820085
2005,53,241081.0,46710733.0,193.7553477876730228,160.493656084814,1.0,7900.0,-127.2319643819549772,514.7426599573010228
2005,21,85266.0,9958605.0,116.7945605516853142,91.9992784817153097,1.0,3384.0,-67.2039964117453052,300.7931175151159336
2005,16,66229.0,8935606.0,134.9198387413368766,122.459383303349,1.0,8250.0,-109.9989278653611234,379.8386053480348766
2005,33,32121.0,5998166.0,186.7365897699324430,128.424794498692,1.0,2318.0,-70.1129992274515570,443.5861787673164430
2005,72,68775.0,9988649.0,145.2366266812068339,136.183760491662,1.0,4500.0,-127.1308943021171661,417.6041476645308339
2005,01,108021.0,13761338.0,127.3950250414271299,108.742583565622,1.0,4150.0,-90.0901420898168701,344.8801921726711299
2005,06,1040860.0,367548516.0,353.1200315124032050,292.308111009565,1.0,49805.0,-231.4961905067267950,937.7362535315332050
2005,19,71353.0,7511363.0,105.2704581447171107,77.7077088385186440,1.0,1200.0,-50.1449595323201773,260.6858758217543987
2005,NA,324810.0,60468127.0,186.1646100797389243,172.186003215272,1.0,7000.0,-158.2073963508050757,530.5366165102829243
2005,24,204943.0,45258176.0,220.8329925881830558,182.538406015352,1.0,8500.0,-144.2438194425209442,585.9098046188870558
2005,08,197153.0,36023409.0,182.7180362459612585,186.838421345321,1.0,10000.0,-190.9588064446807415,556.3948789366032585
2005,37,259715.0,38974274.0,150.0655487746183316,139.028677595545,1.0,5200.0,-127.9918064164716684,428.1229039657083316
2005,40,82114.0,8098458.0,98.6245707187568502,79.3437863880802210,1.0,2380.0,-60.0630020574035918,257.3121434949172922
2005,10,28467.0,5501276.0,193.2509923771384410,160.076776226913,1.0,3000.0,-126.9025600766875590,513.4045448309644410
2005,45,134777.0,21934178.0,162.7442219369773774,183.673613636403,1.0,15000.0,-204.6030053358286226,530.0914492097833774
2005,49,107420.0,15296371.0,142.3977937069447030,137.309689588353,1.0,6000.0,-132.2215854697612970,417.0171728836507030
2005,11,21143.0,6380490.0,301.7778933926122121,238.810745524578,1.0,5000.0,-175.8435976565437879,779.3993844417682121
2005,36,328837.0,89830760.0,273.1771668030057445,296.092476195335,1.0,20000.0,-319.0077855876642555,865.3621191936757445
2005,39,263384.0,33137965.0,125.8161657503872673,104.170848448407,1.0,7290.0,-82.5255311464267327,334.1578626472012673
2005,29,174756.0,20840035.0,119.2521859049188583,103.221331087187,1.0,6000.0,-87.1904762694551417,325.6948480792928583
2005,56,13303.0,1807440.0,135.8670976471472600,140.442484105776,1.0,3800.0,-145.0178705644047400,416.7520658586992600
2004,16,46752.0,5915822.0,126.5362337440109514,101.382194459301,1.0,3990.0,-76.2281551745910486,329.3006226626129514
2004,33,29585.0,5651716.0,191.0331586952847727,120.379482738955,1.0,3000.0,-49.7258067826252273,431.7921241731947727
2004,72,69337.0,9188894.0,132.5251164601872016,135.725542989989,2.0,15000.0,-138.9259695197907984,403.9762024401652016
2004,53,194969.0,35949773.0,184.3871230811052013,138.155832401918,1.0,8000.0,-91.9245417227307987,460.6987878849412013
2004,21,74074.0,8820520.0,119.0771390771390771,135.623429574064,1.0,4200.0,-152.1697200709889229,390.3239982252670771
2004,10,24106.0,4345999.0,180.2870239774330042,132.585000242099,1.0,4400.0,-84.8829765067649958,445.4570244616310042
2004,45,105362.0,16212041.0,153.8699056585865872,168.190661148343,1.0,20539.0,-182.5114166380994128,490.2512279552725872
2004,49,72808.0,10262573.0,140.9539198989122074,116.144762312578,1.0,4388.0,-91.3356047262437926,373.2434445240682074
2004,11,18566.0,5193675.0,279.7411935796617473,218.193793713625,1.0,4100.0,-156.6463938475882527,716.1287810069117473
2004,01,90401.0,11347424.0,125.5232132387916063,121.186603969268,1.0,20000.0,-116.8499946997443937,367.8964211773276063
2004,06,962799.0,306171608.0,318.0015849621779832,276.957810783385,1.0,81500.0,-235.9140366045920168,871.9172065289479832
2004,19,56729.0,6040760.0,106.4845140933208764,241.485770430985,1.0,54750.0,-376.4870267686491236,589.4560549552908764
2004,NA,305028.0,57901755.0,189.8243931704630395,169.619257373330,1.0,11000.0,-149.4141215761969605,529.0629079171230395
2004,24,181151.0,37464947.0,206.8161202532693720,160.213134935741,1.0,11948.0,-113.6101496182126280,527.2423901247513720
2004,08,164257.0,31443822.0,191.4306361372726885,171.392996675975,1.0,14000.0,-151.3553572146773115,534.2166294892226885
2004,37,208512.0,31418133.0,150.6778171040515654,126.993776494791,1.0,4160.0,-103.3097358855304346,404.6653700936335654
2004,40,69651.0,6891049.0,98.9368278990969261,77.0763068113898644,1.0,3120.0,-55.2157857236828027,253.0894415218766549
2004,39,238072.0,30253528.0,127.0772203367048624,98.8242830154764276,1.0,10000.0,-70.5713456942479928,324.7257863676577176
2004,29,142672.0,17353807.0,121.6342870359986543,118.530842069575,1.0,24000.0,-115.4273971031513457,358.6959711751486543
2004,56,10104.0,1337425.0,132.3658946951702296,131.2087532837159649,1.0,5600.0,-130.0516118722617002,394.7834012626021594
2004,44,22599.0,4773381.0,211.2208947298553033,149.402898549333,5.0,4000.0,-87.5849023688106967,510.0266918285213033
2004,13,245176.0,37033208.0,151.0474434691813228,122.647201409624,1.0,7027.0,-94.2469593500666772,396.3418462884293228
2004,27,131241.0,22332005.0,170.1602776571345845,119.794238327300,1.0,9000.0,-69.4281989974654155,409.7487543117345845
2004,05,56991.0,6123317.0,107.4435788106894071,81.2587429207743684,1.0,3000.0,-55.0739070308593297,269.9610646522381439
2004,04,228616.0,36689721.0,160.4862345592609441,136.631304767980,1.0,7230.0,-112.7763749766990559,433.7488440952209441
2004,36,318866.0,82490013.0,258.6980518462300778,255.266006195792,1.0,20000.0,-251.8339605453539222,769.2300642378140778
2004,20,59505.0,7089672.0,119.1441391479707588,94.8031267600472059,1.0,4800.0,-70.4621143721236530,308.7503926680651706
2004,42,229600.0,31713107.0,138.1232883275261324,117.884093914986,1.0,10000.0,-97.6448995024458676,373.8914761574981324
2004,22,71739.0,8566046.0,119.4057067982547847,87.4093285186779014,1.0,2974.0,-55.4129502391010181,294.2243638356105875
2004,41,103953.0,16308076.0,156.8793204621319250,116.062639288457,1.0,8604.0,-75.2459581147820750,389.0045990390459250
2004,15,29845.0,8360399.0,280.1272910035181772,230.410755358506,1.0,4140.0,-180.6942197134938228,740.9488017205301772
2004,30,18951.0,2612183.0,137.8387947865547992,167.407727590128,1.0,16130.0,-196.9766603937012008,472.6542499668107992
2004,35,42407.0,5823297.0,137.3192397481547858,110.982802832065,1.0,6975.0,-84.6463659159752142,359.2848454122847858
2004,31,33931.0,3824074.0,112.7014824202057116,76.2270909023036608,1.0,1600.0,-39.7526993844016100,265.1556642248130332
2004,54,27607.0,3002514.0,108.7591552867026479,87.6178660146300555,1.0,2049.0,-66.4765767425574631,283.9948873159627589
2004,32,121415.0,24810482.0,204.3444549684964790,148.077019647020,1.0,6000.0,-91.8095843255435210,500.4984942625364790
2004,17,320070.0,56771230.0,177.3712937794857375,140.659688746374,1.0,4500.0,-103.9480837132622625,458.6906712722337375
2004,02,13912.0,2495649.0,179.3882259919493962,88.8862533031302857,1.0,1148.0,1.6157193856888248,357.1607325982099676
2004,18,134197.0,15387186.0,114.6611772245281191,84.4976436180733426,1.0,4000.0,-54.3341100116185661,283.6564644606748043
2004,48,566001.0,66125180.0,116.8287335181386605,114.034335717409,1.0,19365.0,-111.2399379166793395,344.8974049529566605
2004,51,264804.0,55773848.0,210.6231325810788357,154.871599854434,1.0,5000.0,-99.1200671277891643,520.3663322899468357
2004,46,15258.0,1735037.0,113.7132651723685935,72.6158448629331476,1.0,992.0,-31.5184245534977017,258.9449548982348887
2004,12,673016.0,123030245.0,182.8043389755964197,255.165190105719,1.0,99999.0,-327.5260412358415803,693.1347191870344197
2004,55,121696.0,16891456.0,138.8004207204838286,119.181274603443,1.0,20000.0,-99.5621284864021714,377.1629699273698286
2004,38,11345.0,1102516.0,97.1807844865579550,59.4998431116281430,1.0,780.0,-21.8189017366983310,216.1804707098142410
2004,25,148934.0,38659697.0,259.5760336793478991,216.879591918814,1.0,40000.0,-174.1831501582801009,693.3352175169758991
2004,50,9926.0,1667588.0,168.0020149103364900,124.990326662362,1.0,2299.0,-81.9786384143875100,417.9826682350604900
2004,47,136135.0,16982080.0,124.7444081242883902,97.8924498691165672,1.0,3321.0,-71.0404916139447442,320.5293078625215246
2004,26,216814.0,30973254.0,142.8563376903705480,112.606769742412,1.0,5000.0,-82.3572017944534520,368.0698771751945480
2004,28,45729.0,4919796.0,107.5859082857705176,84.9291124209990063,1.0,8637.0,-62.2723165562274950,277.4441331277685302
2004,09,85305.0,20726512.0,242.9694859621358654,279.206086437242,1.0,25000.0,-315.4426869123481346,801.3816588366198654
2004,23,22790.0,3646015.0,159.9831066257130320,120.825463727205,3.0,2989.0,-81.6678208286969680,401.6340340801230320
2004,34,201539.0,50055146.0,248.3645646748272047,177.504104717531,1.0,10750.0,-106.6436447602347953,603.3727741098892047
