year,state,count_loans,sum_amt,avg_income,std_income,min_income,max_income,5_pct,95_pct
2014,12,188598.0,24887517.0,131.9606623612127382,251.910755000324,1.0,9999.0,-371.8608476394352618,635.7821723618607382
2014,38,10515.0,1107377.0,105.3140275796481217,157.646682839578,6.0,7885.0,-209.9793380995078783,420.6073932588041217
2014,55,59890.0,5665700.0,94.6017699115044248,110.974059736733,1.0,6436.0,-127.3463495619615752,316.5498893849704248
2014,25,59651.0,9026528.0,151.3223248562471710,220.630530241021,1.0,9999.0,-289.9387356257948290,592.5833853382891710
2014,50,5864.0,712853.0,121.5642905866302865,174.342217769785,2.0,4795.0,-227.1201449529397135,470.2487261262002865
2014,17,111018.0,12192678.0,109.8261363022212614,165.475762472433,1.0,9999.0,-221.1253886426447386,440.7776612470872614
2014,02,8507.0,921393.0,108.3099800164570354,95.3688161613332524,1.0,3596.0,-82.4276523062094694,299.0476123391235402
2014,46,10417.0,921192.0,88.4316021887299606,99.4636700055621895,1.0,3105.0,-110.4957378223944184,287.3589421998543396
2014,18,60289.0,4960424.0,82.2774303770173664,95.8209648594030253,1.0,6008.0,-109.3644993417886842,273.9193600958234170
2014,48,249718.0,32540056.0,130.3072105334817674,194.211056095644,1.0,9999.0,-258.1149016578062326,518.7293227247697674
2014,51,81858.0,9775964.0,119.4258838476385937,136.978611016803,1.0,9999.0,-154.5313381859674063,393.3831058812445937
2014,20,32717.0,3032226.0,92.6804413607604609,106.510605905075,1.0,5500.0,-120.3407704493895391,305.7016531709104609
2014,22,35727.0,3713461.0,103.9399053936798500,186.190791404433,1.0,9999.0,-268.4416774151861500,476.3214882025458500
2014,30,13070.0,1399716.0,107.0938026013771997,221.036007119519,1.0,9999.0,-334.9782116376608003,549.1658168404151997
2014,35,12297.0,1285498.0,104.5375294787346507,140.029870329261,2.0,5466.0,-175.5222111797873493,384.5972701372566507
2014,41,30806.0,3465449.0,112.4926637667986756,156.850397704072,1.0,9999.0,-201.2081316413453244,426.1934591749426756
2014,31,24346.0,2166079.0,88.9706317259508749,110.588521058949,1.0,7800.0,-132.2064103919471251,310.1476738438488749
2014,32,18662.0,2136476.0,114.4826921015968278,210.346637327610,1.0,9999.0,-306.2105825536231722,535.1759667568168278
2014,54,14519.0,1260867.0,86.8425511398856671,114.2786422639425764,1.0,6943.0,-141.7147333879994857,315.3998356677708199
2014,56,7558.0,783045.0,103.6047896268854194,168.199096765671,2.0,7510.0,-232.7934039044565806,440.0029831582274194
2014,29,60105.0,5472374.0,91.0469012561350969,127.550914426695,1.0,9999.0,-164.0549275972549031,346.1487301095250969
2014,39,108631.0,9801920.0,90.2313335972236286,122.299249171987,1.0,9999.0,-154.3671647467503714,334.8298319411976286
2014,47,64863.0,6305407.0,97.2111527373078643,148.854031452701,1.0,9600.0,-200.4969101680941357,394.9192156427098643
2014,27,65117.0,6520060.0,100.1283842928881859,122.440909368750,1.0,7010.0,-144.7534344446118141,345.0102030303881859
2014,13,92551.0,9587547.0,103.5920411448822811,133.903849152701,1.0,9999.0,-164.2156571605197189,371.3997394502842811
2014,28,21591.0,1881657.0,87.1500625260525219,136.930464801334,1.0,9999.0,-186.7108670766154781,361.0109921287205219
2014,26,85957.0,7990367.0,92.9577230475702968,119.116485239313,1.0,7670.0,-145.2752474310557032,331.1906935261962968
2014,44,7951.0,1009298.0,126.9397560055338951,269.649804141129,1.0,9999.0,-412.3598522767241049,666.2393642877918951
2014,09,26024.0,4138069.0,159.0097217952659084,288.516961086092,1.0,9999.0,-418.0242003769180916,736.0436439674499084
2014,23,11583.0,1320043.0,113.9638262971596305,155.331544145857,1.0,4175.0,-196.6992619945543695,424.6269145888736305
2014,34,55998.0,9113936.0,162.7546698096360584,229.212878412371,1.0,9999.0,-295.6710870151059416,621.1804266343780584
2014,04,53267.0,5953271.0,111.7628362776202902,181.868347646363,1.0,9999.0,-251.9738590151057098,475.4995315703462902
2014,36,120332.0,19774270.0,164.3309344147857594,336.698888779293,1.0,9999.0,-509.0668431438002406,837.7287119733717594
2014,05,33078.0,2833173.0,85.6512787955740976,114.061546344919,1.0,4594.0,-142.4718138942639024,313.7743714854120976
2014,49,23749.0,2585655.0,108.8742683902480104,201.253102774451,1.0,9288.0,-293.6319371586539896,511.3804739391500104
2014,11,6524.0,1337080.0,204.9478847332924586,278.622211972717,1.0,6489.0,-352.2965392121415414,762.1923086787264586
2014,45,51737.0,5436261.0,105.0749173705471906,153.244026157267,1.0,9118.0,-201.4131349439868094,411.5629696850811906
2014,10,7856.0,934296.0,118.9276985743380855,152.534738530808,1.0,3467.0,-186.1417784872779145,423.9971756359540855
2014,24,51604.0,6553058.0,126.9874040772033176,161.279151016781,1.0,9999.0,-195.5708979563586824,449.5457061107653176
2014,06,202384.0,37483197.0,185.2083020396869318,296.548314829928,1.0,9999.0,-407.8883276201690682,778.3049316995429318
2014,01,40998.0,3669186.0,89.4967071564466559,122.442730039632,1.0,9999.0,-155.3887529228173441,334.3821672357106559
2014,19,39316.0,3330432.0,84.7093295350493438,104.645561211719,1.0,9835.0,-124.5817928883886562,294.0004519584873438
2014,NA,176620.0,15187314.0,85.9886422828671725,129.157730668944,1.0,9999.0,-172.3268190550208275,344.3041036207551725
2014,40,40594.0,3765598.0,92.7624279450165049,129.562339794264,1.0,9999.0,-166.3622516435114951,351.8871075335445049
2014,08,58874.0,7782314.0,132.1859224785134355,240.920484851902,1.0,9999.0,-349.6550472252905645,614.0268921823174355
2014,37,101335.0,10296563.0,101.6091478758573050,134.557400197588,1.0,9999.0,-167.5056525193186950,370.7239482710333050
2014,33,10494.0,1266108.0,120.6506575185820469,121.0581327536893940,1.0,2599.0,-121.4656079887967411,362.7669230259608349
2014,16,17977.0,1707171.0,94.9641764476831507,175.431935783251,1.0,9999.0,-255.8996951188188493,445.8280480141851507
2014,72,14314.0,970759.0,67.8188486796143636,128.684951021791,1.0,8673.0,-189.5510533639676364,325.1887507231963636
2014,21,37289.0,3150960.0,84.5010592936254660,109.510473103616,1.0,9600.0,-134.5198869136065340,303.5220055008574660
2014,53,68765.0,8254622.0,120.0410383189122373,150.972822266404,1.0,9999.0,-181.9046062138957627,421.9866828517202373
2014,42,91582.0,9404526.0,102.6896770107663078,144.753674505933,1.0,9999.0,-186.8176720010996922,392.1970260226323078
2014,15,8825.0,1569020.0,177.7926345609065156,284.448646456045,1.0,7500.0,-391.1046583511834844,746.6899274729965156
2013,56,8657.0,846156.0,97.7424049901813561,175.766352629357,1.0,9999.0,-253.7903002685326439,449.2751102488953561
2013,29,71878.0,6232494.0,86.7093408275132864,131.786023693165,1.0,9999.0,-176.8627065588167136,350.2813882138432864
2013,39,119444.0,10451641.0,87.5024362881350256,117.424622851352,1.0,9999.0,-147.3468094145689744,322.3516819908390256
2013,27,77232.0,7489430.0,96.9731458462813342,120.126546848586,1.0,6761.0,-143.2799478508906658,337.2262395434533342
2013,13,110790.0,10753834.0,97.0650239191262749,131.911609756394,1.0,9999.0,-166.7581955936617251,360.8882434319142749
2013,44,9504.0,1103670.0,116.1268939393939394,199.642566788614,5.0,8526.0,-283.1582396378340606,515.4120275166219394
2013,36,143987.0,22750090.0,158.0010000902859286,314.145516811701,1.0,9999.0,-470.2900335331160714,786.2920337136879286
2013,42,112464.0,11094973.0,98.6535513586569925,126.257653924841,1.0,9999.0,-153.8617564910250075,351.1688592083389925
2013,15,10496.0,1698824.0,161.8544207317073171,288.997116515793,4.0,9999.0,-416.1398122998786829,739.8486537632933171
2013,54,16649.0,1419039.0,85.2326866478467175,124.310451907245,1.0,9999.0,-163.3882171666432825,333.8535904623367175
2013,33,12861.0,1483378.0,115.3392426716429516,118.679765309644,1.0,3472.0,-122.0202879476450484,352.6987732909309516
2013,16,20400.0,1857782.0,91.0677450980392157,129.882966920785,1.0,6472.0,-168.6981887435307843,350.8336789396092157
2013,72,16309.0,1113530.0,68.2770249555460175,143.931044591949,1.0,9999.0,-219.5850642283519825,356.1391141394440175
2013,46,11469.0,993776.0,86.6488795884558375,100.4149556956264053,1.0,1931.0,-114.1810318027969731,287.4787909797086481
2013,18,69519.0,5496220.0,79.0606884448855709,104.167419037716,1.0,9999.0,-129.2741496305464291,287.3955265203175709
2013,21,44370.0,3546176.0,79.9228307414919991,94.6570429223735112,1.0,5747.0,-109.3912551032550233,269.2369165862390215
2013,48,294626.0,35739701.0,121.3053192861458256,188.751250654629,1.0,9999.0,-256.1971820231121744,498.8078205954038256
2013,51,109990.0,12569194.0,114.2757887080643695,119.331921866877,1.0,5186.0,-124.3880550256896305,352.9396324418183695
2013,53,82428.0,9045031.0,109.7325059445819382,119.704477516571,1.0,6449.0,-129.6764490885600618,349.1414609777239382
2013,49,31516.0,3183770.0,101.0207513643863434,203.707956258655,1.0,9999.0,-306.3951611529236566,508.4366638816963434
2013,11,8417.0,1530243.0,181.8038493525008911,269.716205317805,1.0,9999.0,-357.6285612831091089,721.2362599881108911
2013,45,59943.0,6009404.0,100.2519727074053684,149.556194088000,1.0,9999.0,-198.8604154685946316,399.3643608834053684
2013,10,9801.0,1131157.0,115.4124068972553821,146.283517370264,1.0,4637.0,-177.1546278432726179,407.9794416377833821
2013,12,212581.0,26618723.0,125.2168491069286531,238.452467177168,1.0,9999.0,-351.6880852474073469,602.1217834612646531
2013,38,11118.0,1113020.0,100.1097319661809678,126.9464440998849820,1.0,5267.0,-153.7831562335889962,354.0026201659509318
2013,55,66180.0,6110097.0,92.3254306436990027,117.462259493414,1.0,9999.0,-142.5990883431289973,327.2499496305270027
2013,24,68232.0,8211436.0,120.3458201430413882,144.897941138751,1.0,9999.0,-169.4500621344606118,410.1417024205433882
2013,25,73485.0,10292120.0,140.0574266857181738,207.072886722507,1.0,9999.0,-274.0883467592958262,554.2032001307321738
2013,50,6369.0,754583.0,118.4774689904223583,206.932097707638,1.0,6240.0,-295.3867264248536417,532.3416644056983583
2013,NA,242761.0,21064256.0,86.7695222873525813,137.910466613447,1.0,9999.0,-189.0514109395414187,362.5904555142465813
2013,06,264490.0,42985440.0,162.5219857083443608,267.774963333499,1.0,9999.0,-373.0279409586536392,698.0719123753423608
2013,01,47173.0,4054111.0,85.9413435651749942,121.289322777227,1.0,9999.0,-156.6373019892790058,328.5199891196289942
2013,19,40592.0,3355955.0,82.6752808435159637,90.5724638742859601,1.0,4580.0,-98.4696469050559565,263.8202085920878839
2013,40,46215.0,4050616.0,87.6472141079736016,138.921634539404,1.0,9999.0,-190.1960549708343984,365.4904831867816016
2013,08,76403.0,9113940.0,119.2877243040194757,180.035578447808,1.0,9999.0,-240.7834325915965243,479.3588811996354757
2013,37,119421.0,11603074.0,97.1610855712144430,128.404271646350,1.0,9999.0,-159.6474577214855570,353.9696288639144430
2013,47,77916.0,6991338.0,89.7291698752502695,135.159037566707,1.0,9999.0,-180.5889052581637305,360.0472450086642695
2013,28,25398.0,2070135.0,81.5077958894401134,96.7522839401128531,1.0,3949.0,-111.9967719907855928,275.0123637696658196
2013,26,97310.0,8570048.0,88.0695509197410338,118.758217312994,1.0,9999.0,-149.4468837062469662,325.5859855457290338
2013,09,32461.0,4874779.0,150.1734080897076492,270.424132021309,1.0,9999.0,-390.6748559529103508,691.0216721323256492
2013,23,13160.0,1398871.0,106.2971884498480243,147.122560652248,1.0,4637.0,-187.9479328546479757,400.5423097543440243
2013,34,74126.0,11124956.0,150.0816987291908372,203.510085044384,1.0,9999.0,-256.9384713595771628,557.1018688179588372
2013,04,69903.0,7389190.0,105.7063359226356523,153.695483585839,1.0,9999.0,-201.6846312490423477,413.0973030943136523
2013,05,37950.0,3122793.0,82.2870355731225296,99.6468610253789055,1.0,3487.0,-117.0066864776352814,281.5807576238803406
2013,20,36515.0,3317682.0,90.8580583321922498,118.199812782453,1.0,9999.0,-145.5415672327137502,327.2576838970982498
2013,22,43651.0,4204418.0,96.3189388559254084,161.352848336442,1.0,9999.0,-226.3867578169585916,419.0246355288094084
2013,30,14514.0,1378467.0,94.9749896651508888,159.274134677755,1.0,9999.0,-223.5732796903591112,413.5232590206608888
2013,35,15653.0,1512092.0,96.6007794033092698,125.093675165760,1.0,7411.0,-153.5865709282107302,346.7881297348292698
2013,41,37913.0,3910548.0,103.1453063592962836,120.467001243348,1.0,6250.0,-137.7886961273997164,344.0793088459922836
2013,31,24883.0,2104811.0,84.5883133062733593,90.2587975645520599,1.0,4402.0,-95.9292818228307605,265.1059084353774791
2013,32,23414.0,2587363.0,110.5049543008456479,195.604877375329,1.0,9999.0,-280.7048004498123521,501.7147090515036479
2013,17,132471.0,14205266.0,107.2330245865132746,154.129637229753,1.0,9999.0,-201.0262498729927254,415.4922990460192746
2013,02,10017.0,1048198.0,104.6419087551163023,102.7541579961301145,1.0,3354.0,-100.8664072371439267,310.1502247473765313
2012,15,10862.0,1589267.0,146.3143988215798196,260.155652226366,5.0,9999.0,-373.9969056311521804,666.6257032743118196
2012,42,109421.0,10308411.0,94.2087076520960328,124.753864294460,1.0,9999.0,-155.2990209368239672,343.7164362410160328
2012,54,15971.0,1311215.0,82.0997432847035251,111.450946472269,1.0,7436.0,-140.8021496598344749,305.0016362292415251
2012,27,69884.0,6341183.0,90.7386955526300727,108.687104575046,1.0,7437.0,-126.6355135974619273,308.1129047027220727
2012,13,107104.0,9675826.0,90.3404728114729609,130.548809298225,1.0,9999.0,-170.7571457849770391,351.4380914079229609
2012,44,8456.0,932624.0,110.2913907284768212,204.884578146575,1.0,9999.0,-299.4777655646731788,520.0605470216268212
2012,56,7901.0,724450.0,91.6909251993418555,169.964054740152,2.0,6697.0,-248.2371842809621445,431.6190346796458555
2012,29,67251.0,5511716.0,81.9573835333303594,112.007904518012,1.0,9999.0,-142.0584255026936406,305.9731925693543594
2012,39,103384.0,8725552.0,84.3994428538265109,117.195154101433,1.0,9999.0,-149.9908653490394891,318.7897510566925109
2012,36,126465.0,18940050.0,149.7651524137113035,305.152972163244,1.0,9999.0,-460.5407919127766965,760.0710967401993035
2012,49,30770.0,2768944.0,89.9884302892427689,144.401449904352,1.0,8922.0,-198.8144695194612311,378.7913300979467689
2012,11,8236.0,1480452.0,179.7537639630888781,254.353816226890,7.0,9999.0,-328.9538684906911219,688.4613964168688781
2012,45,53871.0,5229571.0,97.0758107330474652,141.219160977914,1.0,9447.0,-185.3625112227805348,379.5141326888754652
2012,10,9545.0,1065657.0,111.6455735987427973,154.658913428485,8.0,5102.0,-197.6722532582272027,420.9634004557127973
2012,40,44405.0,3783647.0,85.2076793153924108,133.878144586765,1.0,9999.0,-182.5486098581375892,352.9639684889224108
2012,08,69678.0,8000549.0,114.8217371336720342,183.244854669191,1.0,9999.0,-251.6679722047099658,481.3114464720540342
2012,37,104292.0,9878689.0,94.7214455567061711,123.416741567638,1.0,9999.0,-152.1120375785698289,341.5549286919821711
2012,24,65221.0,7600493.0,116.5344444274083501,156.510968970270,1.0,9999.0,-196.4874935131316499,429.5563823679483501
2012,25,67001.0,8972051.0,133.9092103102938762,201.077958844893,1.0,9999.0,-268.2467073794921238,536.0651280000798762
2012,50,5873.0,667950.0,113.7323344117146263,184.098976399447,1.0,6151.0,-254.4656183871793737,481.9302872106086263
2012,06,295814.0,42596189.0,143.9965282238163170,253.296741552302,1.0,9999.0,-362.5969548807876830,650.5900113284203170
2012,01,45483.0,3877780.0,85.2577886243211749,140.826685878527,1.0,8000.0,-196.3955831327328251,366.9111603813751749
2012,19,34825.0,2757249.0,79.1744149318018665,113.093817163868,1.0,9999.0,-147.0132193959341335,305.3620492595378665
2012,NA,218219.0,17868291.0,81.8823796278050949,116.737015000973,1.0,9999.0,-151.5916503741409051,315.3564096297510949
2012,72,18982.0,1212790.0,63.8915814982615109,112.781060994390,3.0,4906.0,-161.6705404905184891,289.4537034870415109
2012,17,117441.0,11805967.0,100.5267921764971347,138.375473606221,1.0,9999.0,-176.2241550359448653,377.2777393889391347
2012,33,12321.0,1362379.0,110.5737358980602224,120.015643346204,1.0,5100.0,-129.4575507943477776,350.6050225904682224
2012,16,17110.0,1519790.0,88.8246639392168323,133.050063812449,1.0,3500.0,-177.2754636856811677,354.9247915641148323
2012,46,10571.0,878519.0,83.1065178318039921,110.1461942679994633,1.0,3859.0,-137.1858707041949345,303.3989063678029187
2012,18,64667.0,4893539.0,75.6728934386936150,102.311704455704,1.0,9000.0,-128.9505154727143850,280.2963023501016150
2012,21,40191.0,3086997.0,76.8081660073150705,87.7559460672872468,1.0,4108.0,-98.7037261272594231,252.3200581418895641
2012,48,270233.0,30843446.0,114.1364896219188626,166.361001213944,1.0,9999.0,-218.5855128059691374,446.8584920498068626
2012,51,104659.0,11489859.0,109.7837644158648563,122.913535521047,1.0,9334.0,-136.0433066262291437,355.6108354579588563
2012,53,75060.0,7843030.0,104.4901412203570477,124.546032965550,1.0,6696.0,-144.6019247107429523,353.5822071514570477
2012,02,9057.0,942432.0,104.0556475654190129,144.293392969313,8.0,9306.0,-184.5311383732069871,392.6424335040450129
2012,30,11478.0,1034034.0,90.0883429168844746,159.311140834516,6.0,9999.0,-228.5339387521475254,408.7106245859164746
2012,35,15888.0,1502768.0,94.5850956696878147,109.806645513470,1.0,3038.0,-125.0281953572521853,314.1983866966278147
2012,41,36119.0,3539812.0,98.0041529388964257,146.407954139461,1.0,9999.0,-194.8117553400255743,390.8200612178184257
2012,20,33905.0,2876634.0,84.8439463206016812,101.6764091687594652,1.0,7666.0,-118.5088720169172492,288.1967646581206116
2012,22,42122.0,3853898.0,91.4937087507715683,127.402146641255,1.0,9999.0,-163.3105845317384317,346.2980020332815683
2012,32,28632.0,2763247.0,96.5090458228555462,135.893015226464,4.0,4623.0,-175.2769846300724538,368.2950762757835462
2012,31,22805.0,1887295.0,82.7579478184608638,90.1966803439041418,1.0,5003.0,-97.6354128693474198,263.1513085062691474
2012,28,23544.0,1895826.0,80.5226809378185525,112.559823940166,1.0,7000.0,-144.5969669425134475,305.6423288181505525
2012,26,87996.0,7530319.0,85.5756966225737534,114.969037837026,1.0,8866.0,-144.3623790514782466,315.5137722966257534
2012,47,75311.0,6421991.0,85.2729481749014088,129.058691869692,1.0,9999.0,-172.8444355644825912,343.3903319142854088
2012,04,72446.0,7334405.0,101.2396129530960992,163.056325645870,1.0,9999.0,-224.8730383386439008,427.3522642448360992
2012,05,34854.0,2767425.0,79.4004992253399897,108.845526541396,1.0,8113.0,-138.2905538574520103,297.0915523081319897
2012,09,29087.0,4219177.0,145.0537009660673153,266.464993569284,1.0,9999.0,-387.8762861725006847,677.9836881046353153
2012,23,12168.0,1239250.0,101.8450032873109796,153.370250602004,1.0,6880.0,-204.8954979166970204,408.5855044913189796
2012,34,66424.0,9721469.0,146.3547663495122245,208.203289172226,1.0,9999.0,-270.0518119949397755,562.7613446939642245
2012,38,10859.0,991285.0,91.2869509162906345,93.3930339080574038,1.0,2010.0,-95.4991168998241731,278.0730187324054421
2012,55,58460.0,5251046.0,89.8228874444064317,122.571810591655,1.0,9999.0,-155.3207337389035683,334.9665086277164317
2012,12,196133.0,23250196.0,118.5430090805728766,233.411774869656,1.0,9999.0,-348.2805406587391234,585.3665588198848766
2011,53,78198.0,7766632.0,99.3200849126576127,121.336241074197,1.0,9999.0,-143.3523972357363873,341.9925670610516127
2011,21,38783.0,2976629.0,76.7508702266456953,109.590594105693,1.0,9999.0,-142.4303179847403047,295.9320584380316953
2011,16,18574.0,1570524.0,84.5549693119414235,125.389588624232,1.0,5498.0,-166.2242079365225765,335.3341465604054235
2011,33,11644.0,1271246.0,109.1760563380281690,114.4417949237230543,2.0,3445.0,-119.7075335094179396,338.0596461854742776
2011,72,25915.0,1542180.0,59.5091645765000965,85.9808694342837660,2.0,6390.0,-112.4525742920674355,231.4709034450676285
2011,01,44731.0,3705090.0,82.8304755091547249,153.706071718883,1.0,9999.0,-224.5816679286112751,390.2426189469207249
2011,06,356701.0,44910716.0,125.9057754253562508,204.709229543400,1.0,9999.0,-283.5126836614437492,535.3242345121562508
2011,NA,186211.0,15202887.0,81.6433347116980200,112.487932655695,1.0,9999.0,-143.3325305996919800,306.6192000230880200
2011,19,33126.0,2527742.0,76.3068888486385317,86.4915441246751802,1.0,4033.0,-96.6761994007118287,249.2899770979888921
2011,24,71101.0,7906251.0,111.1974655771367491,180.334257295156,1.0,9999.0,-249.4710490131752509,471.8659801674487491
2011,08,70475.0,7619812.0,108.1207804185881518,170.693457002737,1.0,9999.0,-233.2661335868858482,449.5076944240621518
2011,37,97060.0,9250025.0,95.3021327014218009,231.871591892281,1.0,9999.0,-368.4410510831401991,559.0453164859838009
2011,40,41961.0,3396248.0,80.9382045232477777,101.665621467054,1.0,5602.0,-122.3930384108602223,284.2694474573557777
2011,10,10317.0,1036968.0,100.5106135504507124,127.8378728012759069,8.0,3575.0,-155.1651320521011014,356.1863591530025262
2011,45,50461.0,4915269.0,97.4072848338320683,212.155698434340,1.0,9999.0,-326.9041120348479317,521.7186817025120683
2011,11,8510.0,1389992.0,163.3363102232667450,269.598310397790,1.0,9999.0,-375.8603105723132550,702.5329310188467450
2011,49,32282.0,2876353.0,89.1008301840034694,184.195188425163,1.0,9999.0,-279.2895466663225306,457.4912070343294694
2011,36,126917.0,18313317.0,144.2936486049938149,291.980242857604,1.0,9999.0,-439.6668371102141851,728.2541343202018149
2011,39,96239.0,7864838.0,81.7219422479452197,100.674894658082,1.0,9999.0,-119.6278470682187803,283.0717315641092197
2011,29,62662.0,5073886.0,80.9722958092623919,132.514235568101,1.0,9999.0,-184.0561753269396081,346.0007669454643919
2011,56,7387.0,683166.0,92.4821984567483417,140.869567666873,1.0,3695.0,-189.2569368769976583,374.2213337904943417
2011,44,8400.0,900621.0,107.2167857142857143,176.715783615209,1.0,9999.0,-246.2147815161322857,460.6483529447037143
2011,26,88261.0,7170579.0,81.2428932371035905,109.251194436391,1.0,9999.0,-137.2594956356784095,299.7452821098855905
2011,27,60023.0,5172096.0,86.1685687153257918,104.878441040016,1.0,9999.0,-123.5883133647062082,295.9254507953577918
2011,28,22517.0,1811965.0,80.4709774836789981,118.421848310234,1.0,4747.0,-156.3727191367890019,317.3146741041469981
2011,13,104387.0,9216682.0,88.2933890235374137,153.231453940404,1.0,9999.0,-218.1695188572705863,394.7562969043454137
2011,31,19965.0,1621127.0,81.1984472827448034,92.6360116951626086,1.0,4712.0,-104.0735761075804138,266.4704706730700206
2011,54,15741.0,1243638.0,79.0062893081761006,155.865483898740,1.0,9999.0,-232.7246784893038994,390.7372571056561006
2011,32,39393.0,3487481.0,88.5304749574797553,120.810892397133,1.0,5027.0,-153.0913098367862447,330.1522597517457553
2011,42,108624.0,9901475.0,91.1536584916777139,110.706159427870,1.0,6500.0,-130.2586603640622861,312.5659773474177139
2011,22,42436.0,3773889.0,88.9313083231218777,118.597739221326,1.0,5572.0,-148.2641701195301223,326.1267867657738777
2011,20,30651.0,2559024.0,83.4890868160908290,93.3060146435567194,2.0,5461.0,-103.1229424710226098,270.1011161032042678
2011,41,36111.0,3398702.0,94.1181911328957935,126.572671159579,1.0,7823.0,-159.0271511862622065,347.2635334520537935
2011,30,10367.0,927397.0,89.4566412655541622,167.473982031712,6.0,6258.0,-245.4913227978698378,424.4046053289781622
2011,15,12187.0,1719598.0,141.1010092721752687,262.520623037328,1.0,9999.0,-383.9402368024807313,666.1422553468312687
2011,35,16258.0,1498358.0,92.1612744495017837,125.500102165791,1.0,7779.0,-158.8389298820802163,343.1614787810837837
2011,02,8433.0,848607.0,100.6293134115972963,109.363014243642,2.0,4350.0,-118.0967150756867037,319.3553418988812963
2011,51,103891.0,11345091.0,109.2018654166385924,178.295018993916,1.0,9999.0,-247.3881725711934076,465.7919034044705924
2011,48,270218.0,29457352.0,109.0132855694291276,158.557103689882,1.0,9999.0,-208.1009218103348724,426.1274929491931276
2011,18,63888.0,4668202.0,73.0685261707988981,93.4202272733964649,1.0,8208.0,-113.7719283759940317,259.9089807175918279
2011,46,9805.0,801839.0,81.7785823559408465,134.878943828153,2.0,9999.0,-187.9793053003651535,351.5364700122468465
2011,17,110860.0,10877456.0,98.1188526068915750,146.440638261841,1.0,8989.0,-194.7624239167904250,391.0001291305735750
2011,25,64184.0,8181666.0,127.4720491088121650,197.253658070770,1.0,9999.0,-267.0352670327278350,521.9793652503521650
2011,50,5943.0,672004.0,113.0748780077401986,150.623187494894,7.0,2960.0,-188.1714969820478014,414.3212529975281986
2011,12,202083.0,22572009.0,111.6967236234616469,247.748096637851,1.0,9999.0,-383.7994696522403531,607.1929168991636469
2011,55,51506.0,4594820.0,89.2094124956315769,125.574800833390,1.0,9999.0,-161.9401891711484231,340.3590141624115769
2011,38,9137.0,800260.0,87.5845463500054723,106.828784104157,4.0,3656.0,-126.0730218583085277,301.2421145583194723
2011,09,29382.0,4063131.0,138.2863998366346743,244.032616964454,2.0,9999.0,-349.7788340922733257,626.3516337655426743
2011,34,69313.0,9553174.0,137.8265837577366439,187.721289834726,1.0,9999.0,-237.6159959117153561,513.2691634271886439
2011,23,11560.0,1170598.0,101.2628027681660900,142.913964974217,1.0,4546.0,-184.5651271802679100,387.0907327166000900
2011,05,33214.0,2540053.0,76.4753718311555368,107.488235414586,1.0,9000.0,-138.5010989980164632,291.4518426603275368
2011,04,85823.0,8074463.0,94.0827400580264032,134.968574953618,1.0,9999.0,-175.8544098492095968,364.0198899652624032
2011,47,68608.0,5650145.0,82.3540257695895522,123.916837437192,1.0,9999.0,-165.4796491047944478,330.1877006439735522
2010,17,134519.0,12722584.0,94.5783420929385440,155.553173349922,1.0,9999.0,-216.5280046069054560,405.6846887927825440
2010,02,10016.0,1012039.0,101.0422324281150160,126.5446924007723115,1.0,7380.0,-152.0471523734296070,354.1316172296596390
2010,48,317186.0,32251425.0,101.6798503086517059,148.852540323795,1.0,9999.0,-196.0252303389382941,399.3849309562417059
2010,18,75924.0,5420270.0,71.3907328381012592,81.0921480094454511,1.0,3817.0,-90.7935631807896430,233.5750288569921614
2010,51,114722.0,11989905.0,104.5126915500078451,132.467887554918,1.0,9999.0,-160.4230835598281549,369.4484666598438451
2010,46,11690.0,928649.0,79.4396065012831480,146.933231822916,4.0,9999.0,-214.4268571445488520,373.3060701471151480
2010,12,216001.0,22297597.0,103.2291378280656108,204.691207982273,1.0,9999.0,-306.1532781364803892,512.6115537926116108
2010,55,64527.0,5342024.0,82.7874223193391913,99.7326511056219732,1.0,7794.0,-116.6778798919047551,282.2527245305831377
2010,38,9811.0,787668.0,80.2841708286617062,84.8072875259288967,4.0,2512.0,-89.3304042231960872,249.8987458805194996
2010,25,76348.0,9119002.0,119.4399591344894431,192.291818053043,1.0,9999.0,-265.1436769715965569,504.0235952405754431
2010,50,6797.0,750795.0,110.4597616595556863,163.041152290825,1.0,4748.0,-215.6225429220943137,436.5420662412056863
2010,47,81456.0,6416602.0,78.7738410921233549,108.028975287062,1.0,9999.0,-137.2841094820006451,294.8317916662473549
2010,28,26549.0,2011970.0,75.7832686730196994,99.5275862749123988,1.0,5000.0,-123.2719038768050982,274.8384412228444970
2010,26,102047.0,7844585.0,76.8722745401628661,106.785186042632,1.0,9999.0,-136.6980975451011339,290.4426466254268661
2010,34,83182.0,10994881.0,132.1786083527686278,182.541524852162,1.0,9999.0,-232.9044413515553722,497.2616580570926278
2010,23,13757.0,1372806.0,99.7896343679581304,167.545624068083,1.0,6300.0,-235.3016137682078696,434.8808825041241304
2010,09,35919.0,4688334.0,130.5251816587321473,215.626996809882,1.0,9999.0,-300.7288119610318527,561.7791752784961473
2010,36,151813.0,20406375.0,134.4178364171711250,260.087587225210,1.0,9999.0,-385.7573380332488750,654.5930108675911250
2010,04,91536.0,8371806.0,91.4591636077608810,145.740900305606,1.0,8950.0,-200.0226370034511190,382.9409642189728810
2010,05,39290.0,2915708.0,74.2099261898701960,106.079132344391,1.0,9999.0,-137.9483384989118040,286.3681908786521960
2010,22,48910.0,4174573.0,85.3521365773870374,116.002428142709,1.0,9770.0,-146.6527197080309626,317.3569928628050374
2010,42,131583.0,11639192.0,88.4551347818487191,131.462709092929,1.0,9999.0,-174.4702834040092809,351.3805529677067191
2010,20,38413.0,3060953.0,79.6853409002160727,82.4237462667636949,1.0,3312.0,-85.1621516333113171,244.5328334337434625
2010,35,20435.0,1815297.0,88.8327379495962809,112.549807424676,2.0,4137.0,-136.2668768997557191,313.9323527989482809
2010,30,12023.0,1035207.0,86.1022207435748149,123.368951931490,3.0,7331.0,-160.6356831194051851,332.8401246065548149
2010,15,13157.0,1780960.0,135.3621646271946492,206.504750589986,5.0,8595.0,-277.6473365527773508,548.3716658071666492
2010,41,41673.0,3842218.0,92.1992177189067262,122.259086851961,1.0,6809.0,-152.3189559850152738,336.7173914228287262
2010,31,23507.0,1816922.0,77.2928063980941847,81.5650656482965222,1.0,3400.0,-85.8373248984988597,240.4229376946872291
2010,32,43660.0,3739125.0,85.6418918918918919,132.930039943422,1.0,9999.0,-180.2181879949521081,351.5019717787358919
2010,54,17299.0,1316775.0,76.1185617665761027,85.8619574933168948,2.0,5184.0,-95.6053532200576869,247.8424767532098923
2010,33,13641.0,1419485.0,104.0601862033575251,99.6767023150017652,1.0,3094.0,-95.2932184266460053,303.4135908333610555
2010,16,21827.0,1810975.0,82.9694873322032345,146.926915957415,1.0,9999.0,-210.8843445826267655,376.8233192470332345
2010,72,22777.0,1409046.0,61.8626684813627782,159.932523369680,1.0,9999.0,-258.0023782579972218,381.7277152207227782
2010,21,45084.0,3417488.0,75.8026794428178511,83.8575590112248563,1.0,3845.0,-91.9124385796318615,243.5177974652675637
2010,53,90617.0,8767395.0,96.7522098502488496,119.987324238189,1.0,9999.0,-143.2224386261291504,336.7268583266268496
2010,45,58535.0,5423251.0,92.6497138464166738,146.218317550416,1.0,8207.0,-199.7869212544153262,385.0863489472486738
2010,49,35583.0,3083057.0,86.6440997105359301,149.695925929777,1.0,8508.0,-212.7477521490180699,386.0359515700899301
2010,11,9800.0,1471803.0,150.1839795918367347,220.534761678892,1.0,9999.0,-290.8855437659472653,591.2535029496207347
2010,10,11766.0,1256472.0,106.7883732789393167,289.310521006004,1.0,9999.0,-471.8326687330686833,685.4094152909473167
2010,24,75949.0,8258045.0,108.7314513686816153,134.360184566883,1.0,7560.0,-159.9889177650843847,377.4518205024476153
2010,19,39038.0,2865256.0,73.3965879399559404,80.2612623021648031,1.0,6257.0,-87.1259366643736658,233.9191125442855466
2010,01,54220.0,4240535.0,78.2097934341571376,114.504167226070,1.0,9999.0,-150.7985410179828624,307.2181278862971376
2010,06,388742.0,47212647.0,121.4498227616259627,203.006177203559,1.0,9999.0,-284.5625316454920373,527.4621771687439627
2010,NA,157782.0,12887883.0,81.6815796478685782,118.936033576005,1.0,9999.0,-156.1904875041414218,319.5536467998785782
2010,40,49917.0,3899100.0,78.1116653645050784,118.943835738243,1.0,9999.0,-159.7760061119809216,315.9993368409910784
2010,37,114427.0,10142025.0,88.6331460232287834,129.846428378744,1.0,9999.0,-171.0597107342592166,348.3260027807167834
2010,08,78657.0,8191776.0,104.1455433082878828,173.650604718420,1.0,9999.0,-243.1556661285521172,451.4467527451278828
2010,29,76675.0,5940086.0,77.4709618519726117,97.3176642949230025,1.0,7538.0,-117.1643667378733933,272.1062904418186167
2010,56,8064.0,725790.0,90.0037202380952381,169.199230191825,2.0,9999.0,-248.3947401455547619,428.4021806217452381
2010,39,115744.0,9037156.0,78.0788291401714128,93.8407009792952468,1.0,6882.0,-109.6025728184190808,265.7602310987619064
2010,13,115092.0,9819343.0,85.3173374344003058,118.261898458715,1.0,8212.0,-151.2064594830296942,321.8411343518303058
2010,27,63265.0,5410617.0,85.5230696277562633,132.887758540106,1.0,9999.0,-180.2524474524557367,351.2985867079682633
2010,44,10168.0,996105.0,97.9646931549960661,116.4423054442900321,1.0,3930.0,-134.9199177335839981,330.8493040435761303
2009,32,53760.0,4940689.0,91.9026971726190476,170.564009359771,1.0,9999.0,-249.2253215469229524,433.0307158921610476
2009,31,26979.0,1922312.0,71.2521590866970607,73.8002835893894950,1.0,3476.0,-76.3484080920819293,218.8527262654760507
2009,41,45942.0,4277374.0,93.1037830307779374,139.544650874081,1.0,8611.0,-185.9855187173840626,372.1930847789399374
2009,35,19921.0,1805731.0,90.6445961548115054,168.319427296616,1.0,9999.0,-245.9942584384204946,427.2834507480435054
2009,30,12175.0,1084648.0,89.0881314168377823,191.438769756058,1.0,9999.0,-293.7894080952782177,471.9656709289537823
2009,22,49287.0,4154412.0,84.2902185160387120,124.018204834404,1.0,8000.0,-163.7461911527692880,332.3266281848467120
2009,20,41029.0,3161734.0,77.0609568841551098,99.2421726715560421,1.0,7290.0,-121.4233884589569744,275.5453022272671940
2009,05,42311.0,3020228.0,71.3816265273805866,80.8104038053732443,1.0,3000.0,-90.2391810833659020,233.0024341381270752
2009,04,100574.0,9508964.0,94.5469405611788335,160.154600888615,1.0,9999.0,-225.7622612160511665,414.8561423384088335
2009,09,38284.0,4900555.0,128.0053024762302790,236.568948028737,1.0,9999.0,-345.1325935812437210,601.1431985337042790
2009,34,92293.0,12090259.0,130.9986564528187403,207.954077484862,1.0,9999.0,-284.9094985169052597,546.9068114225427403
2009,23,13783.0,1340822.0,97.2808532249873032,182.404053817392,1.0,7343.0,-267.5272544097966968,462.0889608597713032
2009,26,92008.0,6864621.0,74.6089579167028954,116.797178840538,1.0,9999.0,-158.9853997643731046,308.2033155977788954
2009,28,29308.0,2188093.0,74.6585573904735908,109.874463178255,1.0,9999.0,-145.0903689660364092,294.4074837469835908
2009,47,85731.0,6756938.0,78.8155742963455460,138.488581368813,1.0,9999.0,-198.1615884412804540,355.7927370339715460
2009,25,80422.0,9318207.0,115.8663922807192062,186.733750117973,1.0,9999.0,-257.6011079552267938,489.3338925166652062
2009,50,6215.0,697920.0,112.2960579243765084,187.485719337476,4.0,4800.0,-262.6753807505754916,487.2674965993285084
2009,55,65475.0,5258543.0,80.3137533409698358,101.939726389227,1.0,9675.0,-123.5656994374841642,284.1932061194238358
2009,38,9349.0,714557.0,76.4313830356187828,76.0093239896039612,1.0,1535.0,-75.5872649435891396,228.4500310148267052
2009,12,229925.0,25622933.0,111.4403957812330108,233.071841164935,1.0,9999.0,-354.7032865486369892,577.5840781111030108
2009,51,127261.0,12952211.0,101.7767501434060710,134.646110105679,1.0,9999.0,-167.5154700679519290,371.0689703547640710
2009,18,74790.0,5196450.0,69.4805455274769354,104.878848650841,1.0,9930.0,-140.2771517742050646,279.2382428291589354
2009,48,345191.0,34094270.0,98.7692900452213412,156.028008958720,1.0,9999.0,-213.2867278722186588,410.8253079626613412
2009,46,12307.0,925097.0,75.1683594702201999,94.3518331490742402,2.0,4145.0,-113.5353068279282805,263.8720257683686803
2009,02,9911.0,942597.0,95.1061446877207144,87.0643720328593251,1.0,4800.0,-79.0225993779979358,269.2348887534393646
2009,17,143502.0,13752607.0,95.8356468899388162,164.437033842476,1.0,9999.0,-233.0384207950131838,424.7097145748908162
2009,54,16549.0,1277220.0,77.1780772252099825,135.406408519383,1.0,9999.0,-193.6347398135560175,347.9908942639759825
2009,15,13302.0,1974224.0,148.4155766050218012,266.647412692259,1.0,8321.0,-384.8792487794961988,681.7104019895398012
2009,42,140399.0,12084104.0,86.0697298413806366,123.950817001307,1.0,9999.0,-161.8319041612333634,333.9713638439946366
2009,36,158327.0,21368467.0,134.9641375128689358,292.973727891422,1.0,9999.0,-450.9833182699750642,720.9115932957129358
2009,44,11352.0,1085384.0,95.6116983791402396,135.125532582388,2.0,5034.0,-174.6393667856357604,365.8627635439162396
2009,13,121548.0,10483244.0,86.2477704281436140,137.101812444097,1.0,9999.0,-187.9558544600503860,360.4513953163376140
2009,27,70314.0,5843029.0,83.0990841084279091,124.444013051464,1.0,9999.0,-165.7889419945000909,331.9871102113559091
2009,39,117083.0,8744997.0,74.6905784785152413,110.454812916848,1.0,9999.0,-146.2190473551807587,295.6002043122112413
2009,29,81618.0,6127227.0,75.0720061751084320,102.748098468888,1.0,8094.0,-130.4241907626675680,280.5682031128844320
2009,56,7509.0,706732.0,94.1179917432414436,213.015123068158,1.0,9999.0,-331.9122543930745564,520.1482378795574436
2009,37,116679.0,10399451.0,89.1287292486222885,145.425857971235,1.0,9999.0,-201.7229866938477115,379.9804451910922885
2009,08,86029.0,8866066.0,103.0590382312940985,183.638405991815,1.0,9999.0,-264.2177737523359015,470.3358502149240985
2009,40,56552.0,4175415.0,73.8331977648889518,124.792296716762,1.0,9999.0,-175.7513956686350482,323.4177911984129518
2009,06,473481.0,58423168.0,123.3907337358838053,220.368546536239,1.0,9999.0,-317.3463593365941947,564.1278268083618053
2009,01,52442.0,4241105.0,80.8722970138438656,127.976924204752,1.0,9999.0,-175.0815513956601344,336.8261454233478656
2009,19,40379.0,2821111.0,69.8657965774288615,73.7476335326972859,1.0,5700.0,-77.6294704879657103,217.3610636428234333
2009,NA,216272.0,16790158.0,77.6344510616261005,125.309226431390,1.0,9999.0,-172.9840018011538995,328.2529039244061005
2009,24,78374.0,8565201.0,109.2862556460050527,144.958065081031,1.0,9999.0,-180.6298745160569473,399.2023858080670527
2009,10,11840.0,1173759.0,99.1350506756756757,132.032929882498,1.0,2837.0,-164.9308090893203243,363.2009104406716757
2009,11,10522.0,1639414.0,155.8082113666603307,239.542114411250,1.0,6050.0,-323.2760174558396693,634.8924401891603307
2009,45,59233.0,5530133.0,93.3623655732446440,166.432951686963,1.0,8540.0,-239.5035378006813560,426.2282689471706440
2009,49,41107.0,3693690.0,89.8554990634198555,200.099795910608,1.0,9999.0,-310.3440927577961445,490.0550908846358555
2009,53,94613.0,9281340.0,98.0979358016340249,136.605214610125,1.0,9999.0,-175.1124934186159751,371.3083650218840249
2009,21,47223.0,3426677.0,72.5637295385723059,99.3723762934966270,1.0,7972.0,-126.1810230484209481,271.3084821255655599
2009,72,28182.0,1954454.0,69.3511461216379249,229.056135041559,3.0,9999.0,-388.7611239614800751,527.4634162047559249
2009,16,23013.0,1945866.0,84.5550775648546474,149.704715359150,1.0,7295.0,-214.8543531534453526,383.9645082831546474
2009,33,14523.0,1465462.0,100.9062865799077326,168.803180667933,1.0,9999.0,-236.7000747559582674,438.5126479157737326
2008,45,295116.0,30730320.0,104.1296303826292034,172.161237584073,1.0,9600.0,-240.1928447855167966,448.4521055507752034
2008,49,190468.0,19668764.0,103.2654514144108197,195.099041686567,1.0,9999.0,-286.9326319587231803,493.4635347875448197
2008,11,42908.0,6990392.0,162.9158198937261117,216.209500518196,4.0,4800.0,-269.5031811426658883,595.3348209301181117
2008,10,54744.0,5798148.0,105.9138535729943007,184.488029808841,1.0,9999.0,-263.0622060446876993,474.8899131906763007
2008,24,307852.0,37210076.0,120.8700154619752349,160.236617902889,1.0,9900.0,-199.6032203438027651,441.3432512677532349
2008,01,266204.0,22760156.0,85.4989256359784226,128.713103318309,1.0,9439.0,-171.9272810006395774,342.9251322725964226
2008,06,1992076.0,287517768.0,144.3307223218391266,242.077403070418,1.0,9999.0,-339.8240838189968734,628.4855284626751266
2008,19,173716.0,12816756.0,73.7799396716479772,92.0508916284431587,1.0,5200.0,-110.3218435852383402,257.8817229285342946
2008,NA,1113440.0,91633744.0,82.2978732576519615,141.207840552721,1.0,9999.0,-200.1178078477900385,364.7135543630939615
2008,40,236368.0,18880228.0,79.8764130508359846,109.388999558191,1.0,7800.0,-138.9015860655460154,298.6544121672179846
2008,08,401300.0,45566828.0,113.5480388736606030,214.916105676240,1.0,9999.0,-316.2841724788193970,543.3802502261406030
2008,37,595880.0,57908984.0,97.1822917365912600,145.192833237123,1.0,9999.0,-193.2033747376547400,387.5679582108372600
2008,33,57724.0,6509032.0,112.7612778047259372,157.486854772686,1.0,7658.0,-202.2124317406460628,427.7349873500979372
2008,16,99428.0,9467844.0,95.2231162248058897,159.705494569605,1.0,9999.0,-224.1878729144041103,414.6341053640158897
2008,72,173184.0,12298572.0,71.0144817073170732,146.257542851425,2.0,6782.0,-221.5006039955329268,363.5295674101670732
2008,21,203608.0,15937288.0,78.2743703587285372,122.247919309613,1.0,8500.0,-166.2214682604974628,322.7702089779545372
2008,53,422528.0,46506748.0,110.0678487579521357,177.367578573059,1.0,9999.0,-244.6673083881658643,464.8030059040701357
2008,42,618320.0,56993020.0,92.1739875792469918,149.665300575869,1.0,9999.0,-207.1566135724910082,391.5045887309849918
2008,15,65716.0,10879572.0,165.5543855377685800,310.030298044135,3.0,9999.0,-454.5062105505014200,785.6149816260385800
2008,32,213444.0,28116284.0,131.7267479994752722,306.949483108140,1.0,9999.0,-482.1722182168047278,745.6257142157552722
2008,54,73976.0,5896564.0,79.7091489131610252,122.763735259247,1.0,7797.0,-165.8183216053329748,325.2366194316550252
2008,29,347908.0,28442880.0,81.7540269266587719,114.331970116261,1.0,7524.0,-146.9099133058632281,310.4179671591807719
2008,56,34044.0,3272584.0,96.1280695570438256,201.921522951456,2.0,9999.0,-307.7149763458681744,499.9711154599558256
2008,39,523180.0,41771888.0,79.8422875492182423,115.659930945111,1.0,9999.0,-151.4775743410037577,311.1621494394402423
2008,47,379788.0,33676492.0,88.6718169083804649,141.546280405332,1.0,9999.0,-194.4207439022835351,371.7643777190444649
2008,13,594764.0,56825944.0,95.5436845538734691,161.099713017096,1.0,9999.0,-226.6557414803185309,417.7431105880654691
2008,28,137272.0,11567528.0,84.2672067136779533,154.078633016158,1.0,7897.0,-223.8900593186380467,392.4244727459939533
2008,27,273428.0,25265452.0,92.4025776438404260,132.087563028856,1.0,9999.0,-171.7725484138715740,356.5777037015524260
2008,26,402512.0,32525816.0,80.8070715904122113,113.930518001423,1.0,7783.0,-147.0539644124337887,308.6681075932582113
2008,44,48228.0,5243500.0,108.7231483785352907,203.912227790502,2.0,9999.0,-299.1013072024687093,516.5476039595392907
2008,09,166628.0,22421176.0,134.5582735194565139,246.378156770572,3.0,9999.0,-358.1980400216874861,627.3145870606005139
2008,23,56920.0,5788696.0,101.6988053408292340,187.693191409333,1.0,9917.0,-273.6875774778367660,477.0851881594952340
2008,34,433428.0,61396256.0,141.6527220207277795,187.957102706145,1.0,9999.0,-234.2614833915622205,517.5669274330177795
2008,36,770864.0,119338408.0,154.8112351854542436,312.307252939196,1.0,9999.0,-469.8032706929377564,779.4257410638462436
2008,04,405320.0,45544676.0,112.3672061580973058,228.727321308166,1.0,9999.0,-345.0874364582346942,569.8218487744293058
2008,05,167308.0,12495872.0,74.6878332177779903,95.6158247265871461,1.0,6387.0,-116.5438162353963019,265.9194826709522825
2008,12,1089760.0,150859812.0,138.4339781236235501,289.955160042764,1.0,9999.0,-441.4763419619044499,718.3442982091515501
2008,55,271464.0,24229440.0,89.2547078065599859,129.420079081909,1.0,8259.0,-169.5854503572580141,348.0948659703779859
2008,38,37564.0,2938420.0,78.2243637525290171,118.073563395120,1.0,6923.0,-157.9227630377109829,314.3714905427690171
2008,25,327632.0,41105372.0,125.4620183620647556,213.348487431565,1.0,9999.0,-301.2349565010652444,552.1589932251947556
2008,50,24556.0,3043988.0,123.9610685779442906,192.350884025212,2.0,4440.0,-260.7406994724797094,508.6628366283682906
2008,17,659336.0,70122296.0,106.3529004938301564,172.113257304532,1.0,9999.0,-237.8736141152338436,450.5794151028941564
2008,02,40204.0,3865212.0,96.1399860710377077,81.7544565378762837,1.0,2001.0,-67.3689270047148597,259.6488991467902751
2008,48,1631616.0,173576788.0,106.3833573585941790,173.696290848167,1.0,9999.0,-241.0092243377398210,453.7759390549281790
2008,51,538660.0,59367096.0,110.2125570861025508,149.032377292707,1.0,9999.0,-187.8521974993114492,408.2773116715165508
2008,18,327252.0,24389976.0,74.5296468776355836,96.5640054404532524,1.0,8000.0,-118.5983640032709212,267.6576577585420884
2008,46,50584.0,3934500.0,77.7815119405345564,95.6711683145510152,1.0,5415.0,-113.5608246885674740,269.1238485696365868
2008,20,176616.0,14251608.0,80.6926212800652263,97.8321863274991139,1.0,8872.0,-114.9717513749330015,276.3569939350634541
2008,22,217724.0,19857468.0,91.2047730153772666,165.122126100293,1.0,9999.0,-239.0394791852087334,421.4490252159632666
2008,30,52948.0,5025344.0,94.9109314799425852,180.521729051680,1.0,9999.0,-266.1325266234174148,455.9543895833025852
2008,35,101132.0,9363404.0,92.5859668551991457,126.306022563587,1.0,4899.0,-160.0260782719748543,345.1980119823731457
2008,41,209220.0,22589404.0,107.9696204951725456,174.855134506844,1.0,9999.0,-241.7406485185154544,457.6798895088605456
2008,31,97660.0,7546408.0,77.2722506655744419,80.7446434838165630,1.0,3900.0,-84.2170363020586841,238.7615376332075679
2007,40,79104.0,6433753.0,81.3328403114886731,142.265542886217,1.0,9999.0,-203.1982454609453269,365.8639260839226731
2007,08,150306.0,18437155.0,122.6641318377177225,230.772410053265,1.0,9999.0,-338.8806882688122775,584.2089519442477225
2007,37,235865.0,23744684.0,100.6706548237339156,155.990905146060,1.0,9999.0,-211.3111554683860844,412.6524651158539156
2007,24,132847.0,15990599.0,120.3685367377509466,141.874497468734,1.0,9999.0,-163.3804581997170534,404.1175316752189466
2007,01,103629.0,9338747.0,90.1171197251734553,139.698836929819,1.0,9999.0,-189.2805541344645447,369.5147935848114553
2007,06,667897.0,118794805.0,177.8639595626271716,283.614194854729,1.0,9999.0,-389.3644301468308284,745.0923492720851716
2007,19,63329.0,4451355.0,70.2893619037092012,88.5859544786762147,1.0,7650.0,-106.8825470536432282,247.4612708610616306
2007,NA,411619.0,35700820.0,86.7326824077605747,188.436094643924,1.0,9999.0,-290.1395068800874253,463.6048716956085747
2007,45,112142.0,12357934.0,110.1989798648142534,190.964994927869,1.0,9999.0,-271.7310099909237466,492.1289697205522534
2007,49,89873.0,10056049.0,111.8917694969568168,216.638418527863,1.0,9999.0,-321.3850675587691832,545.1686065526828168
2007,11,16931.0,2607113.0,153.9845844899887780,202.295380489297,1.0,9999.0,-250.6061764886052220,558.5753454685827780
2007,10,23296.0,2533535.0,108.7540779532967033,165.100602073418,1.0,6686.0,-221.4471261935392967,438.9552821001327033
2007,21,74067.0,5796803.0,78.2643147420578665,109.617739199467,1.0,9636.0,-140.9711636568761335,297.4997931409918665
2007,53,192091.0,22489175.0,117.0756308208088875,192.369066618946,1.0,9999.0,-267.6625024170831125,501.8137640587008875
2007,72,44017.0,3516218.0,79.8831814980575687,244.811331804180,1.0,9999.0,-409.7394821103024313,569.5058451064175687
2007,33,22718.0,2465430.0,108.5231974645655427,154.483833740965,2.0,9999.0,-200.4444700173644573,417.4908649464955427
2007,16,43177.0,4538761.0,105.1198786390902564,194.508515774087,2.0,9999.0,-283.8971529090837436,494.1369101872642564
2007,54,24469.0,2008635.0,82.0889697167845028,128.137373872744,1.0,9000.0,-174.1857780287034972,338.3637174622725028
2007,15,27561.0,4820814.0,174.9143354740394035,285.813205588210,5.0,9999.0,-396.7120757023805965,746.5407466504594035
2007,42,226799.0,21019536.0,92.6791387969082756,133.299556521212,1.0,9999.0,-173.9199742455157244,359.2782518393322756
2007,22,75092.0,6658973.0,88.6775288978852607,130.566659653194,1.0,9727.0,-172.4557904085027393,349.8108482042732607
2007,20,62859.0,5011457.0,79.7253694777199765,88.8684287787704667,1.0,6814.0,-98.0114880798209569,257.4622270352609099
2007,04,174247.0,22133033.0,127.0210276217094125,281.968794599740,1.0,9999.0,-436.9165615777705875,690.9586168211894125
2007,36,290684.0,44988398.0,154.7673693770554967,287.616511707504,1.0,9999.0,-420.4656540379525033,730.0003927920634967
2007,05,57694.0,4415098.0,76.5261205671300309,106.484310729147,1.0,9999.0,-136.4425008911639691,289.4947420254240309
2007,09,70868.0,9861157.0,139.1482333352147655,257.940942943437,1.0,9999.0,-376.7336525516592345,655.0301192220887655
2007,23,21507.0,2221523.0,103.2930208769237923,173.763401164961,1.0,8323.0,-244.2337814529982077,450.8198232068457923
2007,34,174468.0,24905353.0,142.7502636586651993,188.396312789311,1.0,9999.0,-234.0423619199568007,519.5428892372871993
2007,13,243394.0,23893970.0,98.1699220194417282,155.706905665261,1.0,9999.0,-213.2438893110802718,409.5837333499637282
2007,27,96983.0,9531596.0,98.2811008114824248,137.124924345193,1.0,9999.0,-175.9687478789035752,372.5309495018684248
2007,28,48355.0,4059126.0,83.9442870437390135,132.746842363384,1.0,5021.0,-181.5493976830289865,349.4379717705070135
2007,26,159027.0,13425905.0,84.4253177133442749,125.228754899085,1.0,9999.0,-166.0321920848257251,334.8828275115142749
2007,44,17628.0,1990620.0,112.9237576582709326,184.336051121381,6.0,9999.0,-255.7483445844910674,481.5958599010329326
2007,29,140469.0,11687011.0,83.1999302337170479,147.394025507477,1.0,9999.0,-211.5881207812369521,377.9879812486710479
2007,56,12854.0,1281043.0,99.6610393651781547,197.126103558104,3.0,9999.0,-294.5911677510298453,493.9132464813861547
2007,39,200151.0,16104744.0,80.4629704573047349,109.513058782936,1.0,9999.0,-138.5631471085672651,299.4890880231767349
2007,47,150227.0,13318382.0,88.6550486929779600,133.299926196157,1.0,9999.0,-177.9448036993360400,355.2549010852919600
2007,25,116490.0,14821775.0,127.2364580650699631,207.045629657737,1.0,9999.0,-286.8548012504040369,541.3277173805439631
2007,50,8614.0,1079889.0,125.3644067796610169,204.517969395778,1.0,5404.0,-283.6715320118949831,534.4003455712170169
2007,55,106021.0,9472440.0,89.3449410965752068,128.648510223740,1.0,9999.0,-167.9520793509047932,346.6419615440552068
2007,38,11523.0,866659.0,75.2112297144840753,150.498964094836,3.0,9999.0,-225.7866984751879247,376.2091579041560753
2007,12,492583.0,72397371.0,146.9749686854804165,263.300529801825,1.0,9999.0,-379.6260909181695835,673.5760282891304165
2007,48,629472.0,66157019.0,105.0992244293630217,156.675713154117,1.0,9999.0,-208.2522018788709783,418.4506507375970217
2007,51,186048.0,21521059.0,115.6747667268661851,161.690757246995,1.0,9999.0,-207.7067477671238149,439.0562812208561851
2007,18,128796.0,9632440.0,74.7883474642069629,101.276513092294,1.0,9999.0,-127.7646787203810371,277.3413736487949629
2007,46,16881.0,1347488.0,79.8227593152064451,119.463698827021,1.0,7800.0,-159.1046383388355549,318.7501569692484451
2007,02,13694.0,1347987.0,98.4363224769972251,96.3670690099647554,1.0,2910.0,-94.2978155429322857,291.1704604969267359
2007,17,285755.0,29856667.0,104.4834456090007174,140.841900960722,1.0,9999.0,-177.2003563124432826,386.1672475304447174
2007,32,76059.0,11367011.0,149.4499138826437371,286.784404691647,1.0,9999.0,-424.1188955006502629,723.0187232659377371
2007,31,33112.0,2579879.0,77.9137170814206330,102.389117335718,2.0,9999.0,-126.8645175900153670,282.6919517528566330
2007,30,20592.0,2079447.0,100.9832459207459207,199.281826152700,1.0,9999.0,-297.5804063846540793,499.5468982261459207
2007,35,43724.0,4384239.0,100.2707666270240600,211.088330599486,1.0,9999.0,-321.9058945719479400,522.4474278259960600
2007,41,95809.0,10822217.0,112.9561627822020896,190.439314298061,1.0,9999.0,-267.9224658139199104,493.8347913783240896
2006,17,331418.0,33420967.0,100.8423410919141386,140.369436715427,1.0,9999.0,-179.8965323389398614,381.5812145227681386
2006,02,15199.0,1457261.0,95.8787420225014804,103.8412336736539111,1.0,4600.0,-111.8037253248063418,303.5612093698093026
2006,51,209524.0,23716110.0,113.1904220996162731,132.538433899842,1.0,9999.0,-151.8864457000677269,378.2672898993002731
2006,46,17068.0,1270965.0,74.4647879071947504,93.2003614117973063,1.0,6000.0,-111.9359349163998622,260.8655107307893630
2006,48,666240.0,68594819.0,102.9581216978866475,142.526316573617,1.0,9999.0,-182.0945114493473525,388.0107548451206475
2006,18,146082.0,10859321.0,74.3371599512602511,97.5394130369373234,1.0,9999.0,-120.7416661226143957,269.4159860251348979
2006,12,651246.0,89580726.0,137.5528233570724427,221.348131000875,1.0,9999.0,-305.1434386446775573,580.2490853588224427
2006,55,118713.0,10323940.0,86.9655387362799356,121.116756134911,1.0,9999.0,-155.2679735335420644,329.1990510061019356
2006,38,12247.0,886641.0,72.3965869192455295,128.086768313499,1.0,9999.0,-183.7769497077524705,328.5701235462435295
2006,25,119477.0,14665058.0,122.7437749525013182,183.385533193639,1.0,9999.0,-244.0272914347766818,489.5148413397793182
2006,50,8939.0,1123775.0,125.7159637543349368,187.310907658870,5.0,6000.0,-248.9058515634050632,500.3377790720749368
2006,47,165027.0,14346392.0,86.9336048040623656,152.545954854961,1.0,9999.0,-218.1583049058596344,392.0255145139843656
2006,26,187535.0,15552435.0,82.9308395766123657,111.817876612839,1.0,9999.0,-140.7049136490656343,306.5665928022903657
2006,28,51829.0,4056825.0,78.2732640027783673,138.837682198260,1.0,9982.0,-199.4021003937416327,355.9486283992983673
2006,34,187192.0,25983194.0,138.8050450873968973,180.560008559636,1.0,9999.0,-222.3149720318751027,499.9250622066688973
2006,09,74737.0,9642458.0,129.0185316509894697,234.057562668995,1.0,9999.0,-339.0965936870005303,597.1336569889794697
2006,23,22004.0,2118782.0,96.2907653153972005,139.496528767320,1.0,7683.0,-182.7022922192427995,375.2838228500372005
2006,05,58706.0,4416005.0,75.2223793138691105,90.4906754000139680,1.0,4185.0,-105.7589714861588255,256.2037301138970465
2006,04,216954.0,26343920.0,121.4262931312628483,212.947433946622,1.0,9999.0,-304.4685747619811517,547.3211610245068483
2006,36,305023.0,44630124.0,146.3172416506296247,251.823511317967,1.0,9999.0,-357.3297809853043753,649.9642642865636247
2006,42,242844.0,21945687.0,90.3694841132578940,118.332795450424,1.0,9999.0,-146.2961067875901060,327.0350750141058940
2006,20,65277.0,5146176.0,78.8359759180109380,106.061015648035,1.0,9999.0,-133.2860553780590620,290.9580072140809380
2006,22,79467.0,6876616.0,86.5342343362653680,127.510548957057,1.0,9999.0,-168.4868635778486320,341.5553322503793680
2006,41,111066.0,11992834.0,107.9793456143194137,143.520774425993,1.0,9999.0,-179.0622032376665863,395.0208944663054137
2006,30,22505.0,2264377.0,100.6166185292157298,203.375091283039,1.0,9999.0,-306.1335640368622702,507.3668010952937298
2006,35,51520.0,5074815.0,98.5018439440993789,124.617700122931,1.0,9999.0,-150.7335563017626211,347.7372441899613789
2006,15,28267.0,5347362.0,189.1733116354759967,299.478259839822,2.0,9999.0,-409.7832080441680033,788.1298313151199967
2006,31,36254.0,2777242.0,76.6051194350968169,114.215158313104,1.0,9172.0,-151.8251971911111831,305.0354360613048169
2006,54,26874.0,2159415.0,80.3533154722036169,116.357201156889,1.0,9999.0,-152.3610868415743831,313.0677177859816169
2006,32,105503.0,14429172.0,136.7655137768594258,185.698682961119,1.0,9999.0,-234.6318521453785742,508.1628796990974258
2006,16,55044.0,5647432.0,102.5985030157692028,153.590412950914,1.0,7429.0,-204.5823228860587972,409.7793289175972028
2006,33,25051.0,2645474.0,105.6035288012454593,126.040177709839,4.0,6500.0,-146.4768266184325407,357.6838842209234593
2006,72,53416.0,4153579.0,77.7590796765014228,170.220549766989,1.0,9999.0,-262.6820198574765772,418.2001792104794228
2006,53,216483.0,23973366.0,110.7401782126079184,143.485685155717,1.0,9999.0,-176.2311920988260816,397.7115485240419184
2006,21,77063.0,5919681.0,76.8161244695898161,98.4207426297396082,1.0,5580.0,-120.0253607898894003,273.6576097290690325
2006,10,24349.0,2635080.0,108.2212821881802127,137.151811295711,1.0,6000.0,-166.0823404032417873,382.5249047796022127
2006,49,104949.0,10455007.0,99.6198820379422386,140.018379289297,1.0,9999.0,-180.4168765406517614,379.6566406165362386
2006,45,122258.0,13332583.0,109.0528472574391860,175.075678199316,1.0,9999.0,-241.0985091411928140,459.2042036560711860
2006,11,17999.0,2771482.0,153.9797766542585699,187.885887183907,3.0,5847.0,-221.7919977135554301,529.7515510220725699
2006,NA,357490.0,29204705.0,81.6937676578365828,159.685820112928,1.0,9999.0,-237.6778725680194172,401.0654078836925828
2006,01,106948.0,9334690.0,87.2825111269027939,138.015089075650,1.0,9999.0,-188.7476670243972061,363.3126892782027939
2006,19,65887.0,4596102.0,69.7573421160471717,81.3589049461995541,1.0,5290.0,-92.9604677763519365,232.4751520084462799
2006,06,782793.0,134854146.0,172.2730606942065144,227.704373977258,1.0,9999.0,-283.1356872603094856,627.6818086487225144
2006,24,159381.0,18641158.0,116.9597254377874402,135.342133920631,1.0,9999.0,-153.7245424034745598,387.6439932790494402
2006,37,254743.0,24741965.0,97.1252006924625996,137.599382566593,1.0,9999.0,-178.0735644407234004,372.3239658256485996
2006,08,167334.0,19285458.0,115.2512818674029187,194.747638269222,1.0,9999.0,-274.2439946710410813,504.7465584058469187
2006,40,79136.0,6273536.0,79.2753740396279822,128.095247496832,1.0,9600.0,-176.9151209540360178,335.4658690332919822
2006,39,226037.0,17815323.0,78.8159593340913213,104.152675837995,1.0,9999.0,-129.4893923418986787,287.1213110100813213
2006,29,151823.0,12103278.0,79.7196603940114475,101.706943042657,1.0,9999.0,-123.6942256913025525,283.1335464793254475
2006,56,13132.0,1237735.0,94.2533505939689309,163.978701524140,3.0,5700.0,-233.7040524543110691,422.2107536422489309
2006,44,19743.0,2132855.0,108.0309476776579041,141.751970059151,5.0,7920.0,-175.4729924406440959,391.5348877959599041
2006,13,287817.0,27179033.0,94.4316458027149195,129.684556003423,1.0,9999.0,-164.9374662041310805,353.8007578095609195
2006,27,121946.0,11499026.0,94.2960490709002345,122.226360569817,1.0,9999.0,-150.1566720687337655,338.7487702105342345
2005,02,13497.0,1221121.0,90.4735126324368378,92.9699180354130350,2.0,4000.0,-95.4663234383892322,276.4133487032629078
2005,48,584224.0,56400596.0,96.5393342279673550,137.347067166152,1.0,9999.0,-178.1548001043366450,371.2334685602713550
2005,51,236127.0,25638438.0,108.5790189177857678,126.647273257594,1.0,9999.0,-144.7155275974022322,361.8735654329737678
2005,18,133946.0,9368814.0,69.9447090618607499,81.0232966828846053,1.0,7400.0,-92.1018843039084607,231.9913024276299605
2005,46,15177.0,1065059.0,70.1758582064966726,79.0727486593916365,3.0,3940.0,-87.9696391122866004,228.3213555252799456
2005,17,314228.0,29591787.0,94.1729794925977316,129.713243733874,1.0,9999.0,-165.2535079751502684,353.5994669603457316
2005,25,126619.0,14963900.0,118.1805258294568746,175.079206323286,1.0,9999.0,-231.9778868171151254,468.3389384760288746
2005,50,9294.0,1164509.0,125.2968581880783301,216.309363821396,2.0,9296.0,-307.3218694547136699,557.9155858308703301
2005,12,716315.0,92165073.0,128.6655633345664966,212.736744461751,1.0,9999.0,-296.8079255889355034,554.1390522580684966
2005,55,120472.0,9987095.0,82.8997194368815990,111.486929522088,1.0,9999.0,-140.0741396072944010,305.8735784810575990
2005,38,11635.0,803702.0,69.0762354963472282,101.4799416684789181,1.0,6752.0,-133.8836478406106080,272.0361188333050644
2005,09,78396.0,9629709.0,122.8341879687739170,210.451077434844,1.0,9999.0,-298.0679669009140830,543.7363428384619170
2005,34,184961.0,24297268.0,131.3642767934861944,164.568103631027,1.0,9999.0,-197.7719304685678056,460.5004840555401944
2005,23,21628.0,2034138.0,94.0511374144627335,131.850400493612,1.0,5139.0,-169.6496635727612665,357.7519384016867335
2005,05,55572.0,4043064.0,72.7536169293889009,95.8744112287290078,1.0,5728.0,-118.9952055280691147,264.5024393868469165
2005,04,256467.0,29209475.0,113.8917482561109227,158.911546221344,1.0,9999.0,-203.9313441865770773,431.7148406987989227
2005,47,143022.0,11523745.0,80.5732334885542084,138.046433692027,1.0,9999.0,-195.5196338954997916,356.6661008726082084
2005,26,198279.0,15792286.0,79.6467906334004105,106.901535939298,1.0,9999.0,-134.1562812451955895,293.4498625119964105
2005,44,20846.0,2198849.0,105.4806197831718315,157.173910897291,1.0,9999.0,-208.8672020114101685,419.8284415777538315
2005,13,258834.0,22926635.0,88.5765973558342413,139.498332533717,1.0,9999.0,-190.4200677115997587,367.5732624232682413
2005,28,47226.0,3502834.0,74.1717274382755262,136.552497872752,1.0,9999.0,-198.9332683072284738,347.2767231837795262
2005,27,134363.0,11664084.0,86.8102379375274443,109.627306886478,1.0,9999.0,-132.4443758354285557,306.0648517104834443
2005,31,33669.0,2384090.0,70.8096468561584841,90.0376195297167448,1.0,8527.0,-109.2655922032750055,250.8848859155919737
2005,54,27803.0,2092466.0,75.2604395209150092,76.6129058390686649,2.0,2828.0,-77.9653721572223206,228.4862511990523390
2005,32,126736.0,15720220.0,124.0391049109960864,179.381325498598,1.0,9999.0,-234.7235460861999136,482.8017559081920864
2005,42,228280.0,19680951.0,86.2140835815664973,113.415599852513,1.0,9999.0,-140.6171161234595027,313.0452832865924973
2005,20,59520.0,4554551.0,76.5213541666666667,142.720086236971,1.0,9256.0,-208.9188183072753333,361.9615266406086667
2005,22,72193.0,5834580.0,80.8191929965509121,103.512148647045,1.0,7550.0,-126.2051042975390879,287.8434902906409121
2005,41,117695.0,11480818.0,97.5472025149751476,133.199037396851,1.0,9999.0,-168.8508722787268524,363.9452773086771476
2005,15,34540.0,5538977.0,160.3641285466126230,250.026833462810,1.0,9999.0,-339.6895383790073770,660.4177954722326230
2005,30,20015.0,1836544.0,91.7583812140894329,178.783136759553,1.0,9999.0,-265.8078923050165671,449.3246547331954329
2005,35,47867.0,4360688.0,91.1000898322435081,113.051083108861,1.0,7531.0,-135.0020763854784919,317.2022560499655081
2005,53,211781.0,20811510.0,98.2690137453312620,127.603269397332,1.0,9999.0,-156.9375250493327380,353.4755525399952620
2005,21,73606.0,5314206.0,72.1980001630301878,96.7715674101965108,1.0,9999.0,-121.3451346573628338,265.7411349834232094
2005,16,58812.0,5532437.0,94.0698666938719989,145.523955790192,1.0,9999.0,-196.9780448865120011,385.1177782742559989
2005,33,27016.0,2674015.0,98.9789384068700030,114.097329797358,2.0,9999.0,-129.2157211878459970,327.1735980015860030
2005,72,57829.0,4068038.0,70.3459855781701223,117.321121194457,1.0,6075.0,-164.2962568107438777,304.9882279670841223
2005,01,93786.0,7478463.0,79.7396519736421214,117.379406561993,1.0,9999.0,-155.0191611503438786,314.4984650976281214
2005,19,62835.0,4208554.0,66.9778626561629665,94.9457296119888526,1.0,4940.0,-122.9135965678147387,256.8693218801406717
2005,06,887612.0,136301070.0,153.5592916724875283,203.850453694095,1.0,9999.0,-254.1416157157024717,561.2601990606775283
2005,NA,314182.0,24808121.0,78.9609875804470021,118.960242250842,1.0,9999.0,-158.9594969212369979,316.8814720821310021
2005,24,169557.0,18632494.0,109.8892643771710988,136.525902602272,1.0,9999.0,-163.1625408273729012,382.9410695817150988
2005,08,166818.0,17292580.0,103.6613554892157921,172.088777873364,1.0,9999.0,-240.5162002575122079,447.8389112359437921
2005,37,222386.0,20104004.0,90.4013921739677857,124.022592804689,1.0,8213.0,-157.6437934354102143,338.4465777833457857
2005,40,69135.0,5075508.0,73.4144499891516598,113.122483475227,1.0,9200.0,-152.8305169613023402,299.6594169396056598
2005,10,24777.0,2609468.0,105.3181579690842313,146.922194423129,2.0,9180.0,-188.5262308771737687,399.1625468153422313
2005,45,114353.0,12046327.0,105.3433403583640132,166.608923226464,1.0,9999.0,-227.8745060945639868,438.5611868112920132
2005,49,95455.0,8631147.0,90.4211094232884605,149.469815757355,1.0,9999.0,-208.5185220914215395,389.3607409379984605
2005,11,18405.0,2777913.0,150.9325183374083130,213.453497710991,9.0,9999.0,-275.9744770845736870,577.8395137593903130
2005,36,283816.0,39245317.0,138.2773240409279251,258.854693532288,1.0,9999.0,-379.4320630236480749,655.9867111055039251
2005,39,227322.0,17100855.0,75.2274526882571858,91.6858750059539820,1.0,9999.0,-108.1442973236507782,258.5992027001651498
2005,56,11754.0,965611.0,82.1516930406670070,142.642227079090,1.0,9999.0,-203.1327611175129930,367.4361471988470070
2005,29,146168.0,11250429.0,76.9691656176454491,166.067681793914,1.0,9999.0,-255.1661979701825509,409.1045292054734491
2004,16,43200.0,3409130.0,78.9150462962962963,143.821292851273,2.0,9999.0,-208.7275394062497037,366.5576319988422963
2004,33,25868.0,2513082.0,97.1502242152466368,115.430752237913,1.0,5191.0,-133.7112802605793632,328.0117286910726368
2004,72,52229.0,3419170.0,65.4649715675199602,121.107169748120,1.0,9000.0,-176.7493679287200398,307.6793110637599602
2004,53,175188.0,15897092.0,90.7430417608511999,155.137470339390,1.0,9999.0,-219.5318989179288001,401.0179824396311999
2004,21,66612.0,4623091.0,69.4032756860625713,85.9332473713570394,1.0,6172.0,-102.4632190566515075,241.2697704287766501
2004,10,21312.0,2110063.0,99.0082113363363363,140.602888107267,1.0,9999.0,-182.1975648781976637,380.2139875508703363
2004,45,92588.0,8593890.0,92.8186158033438459,131.594978631422,1.0,9999.0,-170.3713414595001541,356.0085730661878459
2004,49,64614.0,5103605.0,78.9860556535735290,152.541639753035,1.0,9999.0,-226.0972238524964710,384.0693351596435290
2004,11,16187.0,2133361.0,131.7947118057700624,177.618352950336,1.0,7928.0,-223.4419940949019376,487.0314177064420624
2004,01,80070.0,5982493.0,74.7157861870862995,100.816666722715,1.0,9000.0,-126.9175472583437005,276.3491196325162995
2004,06,849350.0,112792748.0,132.7989026902925767,183.236355829754,1.0,9999.0,-233.6738089692154233,499.2716143498005767
2004,19,51569.0,3342537.0,64.8167891562760573,102.987469361494,1.0,9999.0,-141.1581495667119427,270.7917278792640573
2004,NA,292462.0,23207680.0,79.3528048088298651,110.677832995818,1.0,9999.0,-142.0028611828061349,300.7084708004658651
2004,24,156592.0,15531286.0,99.1831383467865536,118.760312345528,1.0,9999.0,-138.3374863442694464,336.7037630378425536
2004,08,142235.0,13661466.0,96.0485534502759518,158.923081115430,1.0,9999.0,-221.7976087805840482,413.8947156811359518
2004,37,183532.0,15510841.0,84.5130059063269621,107.758563687467,1.0,9999.0,-131.0041214686070379,300.0301332812609621
2004,40,60547.0,4205704.0,69.4618065304639371,103.241979316516,1.0,8500.0,-137.0221521025680629,275.9457651634959371
2004,39,213235.0,15142486.0,71.0131357422561962,83.5902279335567453,1.0,9165.0,-96.1673201248572944,238.1935916093696868
2004,29,124476.0,8799786.0,70.6946399305890292,96.8041232327658888,1.0,9999.0,-122.9136065349427484,264.3028863961208068
2004,56,9197.0,721516.0,78.4512340980754594,137.031168916891,1.0,8400.0,-195.6111037357065406,352.5135719318574594
2004,44,20038.0,1956959.0,97.6623914562331570,120.867096730363,2.0,5400.0,-144.0718020044928430,339.3965849169591570
2004,13,210215.0,17027838.0,81.0020122255785743,122.675611631640,1.0,9999.0,-164.3492110377014257,326.3532354888585743
2004,27,115975.0,9347141.0,80.5961715887044622,98.5358143832084905,1.0,8700.0,-116.4754571777125188,277.6678003551214432
2004,05,47375.0,3338814.0,70.4762849604221636,110.353178757349,1.0,6167.0,-150.2300725542758364,291.1826424751201636
2004,36,260893.0,32999611.0,126.4871460713779212,235.700996620032,1.0,9999.0,-344.9148471686860788,597.8891393114419212
2004,04,194750.0,18340100.0,94.1725288831835687,129.805530430913,1.0,9999.0,-165.4385319786424313,353.7835897450095687
2004,20,51693.0,3779680.0,73.1178302671541601,108.893207595194,1.0,9999.0,-144.6685849232338399,290.9042454575421601
2004,42,203500.0,16479596.0,80.9808157248157248,102.778921648317,1.0,9999.0,-124.5770275718182752,286.5386590214497248
2004,22,62521.0,4628101.0,74.0247436861214632,120.774625316354,1.0,9999.0,-167.5245069465865368,315.5739943188294632
2004,41,93772.0,8129916.0,86.6987586912937764,131.444711969796,1.0,9999.0,-176.1906652482982236,349.5881826308857764
2004,35,37903.0,3020137.0,79.6806849062079519,93.3724987454144609,1.0,4500.0,-107.0643125846209699,266.4256823970368737
2004,15,27393.0,3634430.0,132.6773263242434199,225.208557521935,1.0,9999.0,-317.7397887196265801,583.0944413681134199
2004,30,16578.0,1369302.0,82.5975389069851611,162.871014644868,1.0,9999.0,-243.1444903827508389,408.3395681967211611
2004,31,28836.0,1983405.0,68.7822513524760716,72.9987692640853388,1.0,5265.0,-77.2152871756946060,214.7797898806467492
2004,54,25697.0,1794404.0,69.8293185975016539,71.7468663730098952,1.0,2543.0,-73.6644141485181365,213.3230513435214443
2004,32,103844.0,11662017.0,112.3032336966988945,171.334655888324,1.0,9999.0,-230.3660780799491055,454.9725454733468945
2004,17,273301.0,24115908.0,88.2393697791080164,124.786074337009,1.0,9999.0,-161.3327788949099836,337.8115184531260164
2004,02,13299.0,1103952.0,83.0101511391833972,78.3339612003290218,1.0,3851.0,-73.6577712614746464,239.6780735398414408
2004,18,119201.0,8048455.0,67.5200291943859531,81.3124686253311117,1.0,9999.0,-95.1049080562762703,230.1449664450481765
2004,48,494115.0,44150933.0,89.3535573702478168,131.559543038873,1.0,9999.0,-173.7655287074981832,352.4726434479938168
2004,51,225012.0,21818716.0,96.9668995431354772,109.947138477481,1.0,9999.0,-122.9273774118265228,316.8611764980974772
2004,46,13050.0,885891.0,67.8843678160919540,91.1262862140377773,1.0,6312.0,-114.3682046119836006,250.1369402441675086
2004,12,580815.0,64174384.0,110.4902318294121192,199.575801548113,1.0,9999.0,-288.6613712668138808,509.6418349256381192
2004,55,109795.0,8586015.0,78.2004189626121408,91.3227657255456696,1.0,8116.0,-104.4451124884791984,260.8459504137034800
2004,38,10237.0,661461.0,64.6147308781869688,60.8737334187609309,2.0,1247.0,-57.1327359593348930,186.3621977157088306
2004,25,128591.0,14241753.0,110.7523310340537052,162.700039268964,1.0,9750.0,-214.6477475038742948,436.1524095719817052
2004,50,8907.0,1038576.0,116.6022229706972044,186.065814365624,1.0,6045.0,-255.5294057605507956,488.7338517019452044
2004,47,119453.0,8736598.0,73.1383724142549789,86.5441134160814057,1.0,6000.0,-99.9498544179078325,246.2265992464177903
2004,26,183306.0,14076358.0,76.7915834724449827,104.287502127780,1.0,9086.0,-131.7834207831150173,285.3665877280049827
2004,28,41293.0,2888267.0,69.9456808660063449,112.130917507621,2.0,9999.0,-154.3161541492356551,294.2075158812483449
2004,09,74523.0,8620644.0,115.6776297250513264,194.699972031866,1.0,9999.0,-273.7223143386806736,505.0775737887833264
2004,23,20439.0,1783685.0,87.2687019912911591,108.9648004494710383,1.0,6024.0,-130.6608989076509175,305.1983028902332357
2004,34,168251.0,20179643.0,119.9377299391979840,157.223549548153,1.0,9999.0,-194.5093691571080160,434.3848290355039840
