year,rate_spread,count
2014,01.50,744.0
2014,01.51,642.0
2014,01.52,546.0
2014,01.53,564.0
2014,01.54,522.0
2014,01.55,536.0
2014,01.56,578.0
2014,01.57,748.0
2014,01.58,681.0
2014,01.59,771.0
2014,01.60,1006.0
2014,01.61,997.0
2014,01.62,1421.0
2014,01.63,1232.0
2014,01.64,1214.0
2014,01.65,1323.0
2014,01.66,997.0
2014,01.67,876.0
2014,01.68,702.0
2014,01.69,477.0
2014,01.70,444.0
2014,01.71,414.0
2014,01.72,399.0
2014,01.73,378.0
2014,01.74,363.0
2014,01.75,355.0
2014,01.76,365.0
2014,01.77,373.0
2014,01.78,310.0
2014,01.79,291.0
2014,01.80,368.0
2014,01.81,309.0
2014,01.82,313.0
2014,01.83,323.0
2014,01.84,292.0
2014,01.85,313.0
2014,01.86,328.0
2014,01.87,328.0
2014,01.88,301.0
2014,01.89,298.0
2014,01.90,297.0
2014,01.91,308.0
2014,01.92,320.0
2014,01.93,287.0
2014,01.94,312.0
2014,01.95,299.0
2014,01.96,298.0
2014,01.97,261.0
2014,01.98,244.0
2014,01.99,255.0
2014,02.00,300.0
2014,02.01,248.0
2014,02.02,223.0
2014,02.03,251.0
2014,02.04,273.0
2014,02.05,269.0
2014,02.06,242.0
2014,02.07,281.0
2014,02.08,250.0
2014,02.09,255.0
2014,02.10,280.0
2014,02.11,250.0
2014,02.12,279.0
2014,02.13,231.0
2014,02.14,237.0
2014,02.15,253.0
2014,02.16,210.0
2014,02.17,214.0
2014,02.18,285.0
2014,02.19,231.0
2014,02.20,218.0
2014,02.21,205.0
2014,02.22,225.0
2014,02.23,213.0
2014,02.24,231.0
2014,02.25,204.0
2014,02.26,214.0
2014,02.27,166.0
2014,02.28,212.0
2014,02.29,180.0
2014,02.30,183.0
2014,02.31,200.0
2014,02.32,178.0
2014,02.33,195.0
2014,02.34,190.0
2014,02.35,191.0
2014,02.36,175.0
2014,02.37,179.0
2014,02.38,193.0
2014,02.39,209.0
2014,02.40,199.0
2014,02.41,199.0
2014,02.42,150.0
2014,02.43,188.0
2014,02.44,154.0
2014,02.45,165.0
2014,02.46,181.0
2014,02.47,166.0
2014,02.48,185.0
2014,02.49,168.0
2014,02.50,177.0
2014,02.51,133.0
2014,02.52,168.0
2014,02.53,155.0
2014,02.54,137.0
2014,02.55,132.0
2014,02.56,143.0
2014,02.57,129.0
2014,02.58,143.0
2014,02.59,135.0
2014,02.60,119.0
2014,02.61,150.0
2014,02.62,130.0
2014,02.63,139.0
2014,02.64,112.0
2014,02.65,141.0
2014,02.66,164.0
2014,02.67,155.0
2014,02.68,121.0
2014,02.69,119.0
2014,02.70,141.0
2014,02.71,122.0
2014,02.72,114.0
2014,02.73,119.0
2014,02.74,142.0
2014,02.75,139.0
2014,02.76,128.0
2014,02.77,98.0
2014,02.78,136.0
2014,02.79,126.0
2014,02.80,111.0
2014,02.81,135.0
2014,02.82,128.0
2014,02.83,161.0
2014,02.84,108.0
2014,02.85,127.0
2014,02.86,126.0
2014,02.87,105.0
2014,02.88,95.0
2014,02.89,111.0
2014,02.90,107.0
2014,02.91,113.0
2014,02.92,120.0
2014,02.93,102.0
2014,02.94,97.0
2014,02.95,96.0
2014,02.96,87.0
2014,02.97,80.0
2014,02.98,92.0
2014,02.99,88.0
2014,03.00,90.0
2014,03.01,74.0
2014,03.02,55.0
2014,03.03,71.0
2014,03.04,79.0
2014,03.05,77.0
2014,03.06,81.0
2014,03.07,81.0
2014,03.08,68.0
2014,03.09,80.0
2014,03.10,84.0
2014,03.11,71.0
2014,03.12,67.0
2014,03.13,70.0
2014,03.14,64.0
2014,03.15,92.0
2014,03.16,64.0
2014,03.17,90.0
2014,03.18,75.0
2014,03.19,65.0
2014,03.20,68.0
2014,03.21,59.0
2014,03.22,61.0
2014,03.23,72.0
2014,03.24,74.0
2014,03.25,58.0
2014,03.26,63.0
2014,03.27,70.0
2014,03.28,61.0
2014,03.29,56.0
2014,03.30,50.0
2014,03.31,69.0
2014,03.32,59.0
2014,03.33,57.0
2014,03.34,49.0
2014,03.35,54.0
2014,03.36,50.0
2014,03.37,47.0
2014,03.38,56.0
2014,03.39,48.0
2014,03.40,53.0
2014,03.41,51.0
2014,03.42,63.0
2014,03.43,39.0
2014,03.44,57.0
2014,03.45,42.0
2014,03.46,52.0
2014,03.47,39.0
2014,03.48,58.0
2014,03.49,43.0
2014,03.50,79.0
2014,03.51,65.0
2014,03.52,76.0
2014,03.53,61.0
2014,03.54,66.0
2014,03.55,69.0
2014,03.56,67.0
2014,03.57,62.0
2014,03.58,52.0
2014,03.59,66.0
2014,03.60,59.0
2014,03.61,56.0
2014,03.62,62.0
2014,03.63,70.0
2014,03.64,51.0
2014,03.65,59.0
2014,03.66,61.0
2014,03.67,67.0
2014,03.68,59.0
2014,03.69,53.0
2014,03.70,46.0
2014,03.71,49.0
2014,03.72,44.0
2014,03.73,52.0
2014,03.74,53.0
2014,03.75,51.0
2014,03.76,37.0
2014,03.77,41.0
2014,03.78,55.0
2014,03.79,47.0
2014,03.80,48.0
2014,03.81,42.0
2014,03.82,59.0
2014,03.83,36.0
2014,03.84,43.0
2014,03.85,50.0
2014,03.86,40.0
2014,03.87,53.0
2014,03.88,28.0
2014,03.89,37.0
2014,03.90,42.0
2014,03.91,49.0
2014,03.92,41.0
2014,03.93,36.0
2014,03.94,26.0
2014,03.95,41.0
2014,03.96,37.0
2014,03.97,33.0
2014,03.98,25.0
2014,03.99,27.0
2014,04.00,51.0
2014,04.01,30.0
2014,04.02,31.0
2014,04.03,32.0
2014,04.04,30.0
2014,04.05,31.0
2014,04.06,33.0
2014,04.07,27.0
2014,04.08,28.0
2014,04.09,20.0
2014,04.10,26.0
2014,04.11,25.0
2014,04.12,31.0
2014,04.13,29.0
2014,04.14,21.0
2014,04.15,26.0
2014,04.16,21.0
2014,04.17,33.0
2014,04.18,21.0
2014,04.19,19.0
2014,04.20,22.0
2014,04.21,29.0
2014,04.22,22.0
2014,04.23,23.0
2014,04.24,24.0
2014,04.25,38.0
2014,04.26,35.0
2014,04.27,22.0
2014,04.28,32.0
2014,04.29,26.0
2014,04.30,29.0
2014,04.31,24.0
2014,04.32,32.0
2014,04.33,29.0
2014,04.34,22.0
2014,04.35,21.0
2014,04.36,28.0
2014,04.37,24.0
2014,04.38,23.0
2014,04.39,13.0
2014,04.40,34.0
2014,04.41,12.0
2014,04.42,28.0
2014,04.43,21.0
2014,04.44,21.0
2014,04.45,13.0
2014,04.46,13.0
2014,04.47,18.0
2014,04.48,16.0
2014,04.49,15.0
2014,04.50,39.0
2014,04.51,22.0
2014,04.52,21.0
2014,04.53,20.0
2014,04.54,23.0
2014,04.55,23.0
2014,04.56,11.0
2014,04.57,21.0
2014,04.58,19.0
2014,04.59,12.0
2014,04.60,11.0
2014,04.61,17.0
2014,04.62,14.0
2014,04.63,23.0
2014,04.64,24.0
2014,04.65,12.0
2014,04.66,14.0
2014,04.67,22.0
2014,04.68,16.0
2014,04.69,19.0
2014,04.70,16.0
2014,04.71,11.0
2014,04.72,17.0
2014,04.73,17.0
2014,04.74,14.0
2014,04.75,18.0
2014,04.76,13.0
2014,04.77,13.0
2014,04.78,17.0
2014,04.79,11.0
2014,04.80,8.0
2014,04.81,13.0
2014,04.82,13.0
2014,04.83,13.0
2014,04.84,11.0
2014,04.85,17.0
2014,04.86,16.0
2014,04.87,14.0
2014,04.88,32.0
2014,04.89,10.0
2014,04.90,13.0
2014,04.91,7.0
2014,04.92,20.0
2014,04.93,12.0
2014,04.94,19.0
2014,04.95,14.0
2014,04.96,5.0
2014,04.97,13.0
2014,04.98,9.0
2014,04.99,13.0
2014,05.00,26.0
2014,05.01,9.0
2014,05.02,14.0
2014,05.03,14.0
2014,05.04,7.0
2014,05.05,14.0
2014,05.06,6.0
2014,05.07,10.0
2014,05.08,9.0
2014,05.09,9.0
2014,05.10,15.0
2014,05.11,11.0
2014,05.12,6.0
2014,05.13,10.0
2014,05.14,6.0
2014,05.15,7.0
2014,05.16,13.0
2014,05.17,18.0
2014,05.18,8.0
2014,05.19,15.0
2014,05.20,7.0
2014,05.21,12.0
2014,05.22,11.0
2014,05.23,5.0
2014,05.24,7.0
2014,05.25,8.0
2014,05.26,7.0
2014,05.27,9.0
2014,05.28,7.0
2014,05.29,7.0
2014,05.30,3.0
2014,05.31,9.0
2014,05.32,8.0
2014,05.33,9.0
2014,05.34,5.0
2014,05.35,6.0
2014,05.36,12.0
2014,05.37,8.0
2014,05.38,5.0
2014,05.39,9.0
2014,05.40,12.0
2014,05.41,7.0
2014,05.42,7.0
2014,05.43,6.0
2014,05.44,9.0
2014,05.45,3.0
2014,05.46,5.0
2014,05.47,7.0
2014,05.48,2.0
2014,05.49,8.0
2014,05.50,11.0
2014,05.51,9.0
2014,05.52,10.0
2014,05.53,6.0
2014,05.54,7.0
2014,05.55,10.0
2014,05.56,7.0
2014,05.57,7.0
2014,05.58,8.0
2014,05.59,11.0
2014,05.60,3.0
2014,05.61,5.0
2014,05.62,12.0
2014,05.63,4.0
2014,05.64,5.0
2014,05.65,8.0
2014,05.66,7.0
2014,05.67,6.0
2014,05.68,5.0
2014,05.69,4.0
2014,05.70,10.0
2014,05.71,6.0
2014,05.72,2.0
2014,05.73,4.0
2014,05.74,6.0
2014,05.75,9.0
2014,05.76,13.0
2014,05.77,3.0
2014,05.78,8.0
2014,05.79,5.0
2014,05.80,6.0
2014,05.81,4.0
2014,05.82,3.0
2014,05.83,5.0
2014,05.84,1.0
2014,05.85,1.0
2014,05.86,3.0
2014,05.87,3.0
2014,05.88,1.0
2014,05.89,9.0
2014,05.90,6.0
2014,05.91,2.0
2014,05.92,2.0
2014,05.93,4.0
2014,05.94,3.0
2014,05.95,7.0
2014,05.96,2.0
2014,05.97,2.0
2014,05.98,4.0
2014,05.99,3.0
2014,06.00,44.0
2014,06.01,4.0
2014,06.02,3.0
2014,06.03,6.0
2014,06.04,1.0
2014,06.05,2.0
2014,06.06,2.0
2014,06.07,1.0
2014,06.08,2.0
2014,06.09,3.0
2014,06.10,2.0
2014,06.11,4.0
2014,06.12,4.0
2014,06.13,2.0
2014,06.14,2.0
2014,06.15,1.0
2014,06.16,4.0
2014,06.17,3.0
2014,06.18,3.0
2014,06.19,1.0
2014,06.20,2.0
2014,06.21,3.0
2014,06.22,2.0
2014,06.23,3.0
2014,06.25,6.0
2014,06.26,2.0
2014,06.27,2.0
2014,06.28,2.0
2014,06.29,2.0
2014,06.30,3.0
2014,06.31,4.0
2014,06.32,2.0
2014,06.33,4.0
2014,06.34,4.0
2014,06.35,5.0
2014,06.36,3.0
2014,06.37,3.0
2014,06.38,6.0
2014,06.39,3.0
2014,06.40,2.0
2014,06.41,4.0
2014,06.42,1.0
2014,06.43,3.0
2014,06.44,3.0
2014,06.45,4.0
2014,06.46,4.0
2014,06.47,8.0
2014,06.48,1.0
2014,06.49,9.0
2014,06.50,5.0
2014,06.51,6.0
2014,06.53,3.0
2014,06.54,1.0
2014,06.56,2.0
2014,06.57,1.0
2014,06.59,4.0
2014,06.60,1.0
2014,06.61,2.0
2014,06.62,3.0
2014,06.63,2.0
2014,06.65,1.0
2014,06.67,1.0
2014,06.68,1.0
2014,06.71,4.0
2014,06.72,4.0
2014,06.73,1.0
2014,06.75,3.0
2014,06.77,3.0
2014,06.78,3.0
2014,06.80,2.0
2014,06.81,2.0
2014,06.82,2.0
2014,06.84,2.0
2014,06.89,2.0
2014,06.90,1.0
2014,06.91,1.0
2014,06.92,2.0
2014,06.93,3.0
2014,06.94,1.0
2014,06.95,2.0
2014,06.96,3.0
2014,06.97,1.0
2014,06.98,1.0
2014,06.99,1.0
2014,07.00,2.0
2014,07.01,1.0
2014,07.02,1.0
2014,07.04,1.0
2014,07.06,2.0
2014,07.07,1.0
2014,07.08,3.0
2014,07.09,3.0
2014,07.10,2.0
2014,07.11,1.0
2014,07.13,1.0
2014,07.14,1.0
2014,07.16,1.0
2014,07.17,4.0
2014,07.19,3.0
2014,07.20,1.0
2014,07.22,1.0
2014,07.23,1.0
2014,07.24,3.0
2014,07.26,1.0
2014,07.28,1.0
2014,07.30,1.0
2014,07.33,1.0
2014,07.34,1.0
2014,07.35,2.0
2014,07.37,1.0
2014,07.40,1.0
2014,07.41,1.0
2014,07.43,2.0
2014,07.46,1.0
2014,07.47,4.0
2014,07.50,1.0
2014,07.51,1.0
2014,07.52,2.0
2014,07.53,3.0
2014,07.54,1.0
2014,07.56,2.0
2014,07.57,3.0
2014,07.61,1.0
2014,07.63,1.0
2014,07.64,1.0
2014,07.66,3.0
2014,07.67,2.0
2014,07.68,1.0
2014,07.69,4.0
2014,07.70,1.0
2014,07.71,3.0
2014,07.72,1.0
2014,07.73,2.0
2014,07.75,1.0
2014,07.76,1.0
2014,07.77,1.0
2014,07.78,1.0
2014,07.81,1.0
2014,07.83,3.0
2014,07.89,1.0
2014,07.90,2.0
2014,07.99,1.0
2014,08.01,1.0
2014,08.02,2.0
2014,08.03,1.0
2014,08.04,1.0
2014,08.05,1.0
2014,08.06,1.0
2014,08.08,1.0
2014,08.09,1.0
2014,08.10,1.0
2014,08.12,1.0
2014,08.13,1.0
2014,08.14,1.0
2014,08.22,1.0
2014,08.23,1.0
2014,08.26,1.0
2014,08.27,1.0
2014,08.28,2.0
2014,08.29,1.0
2014,08.31,1.0
2014,08.34,1.0
2014,08.35,3.0
2014,08.36,1.0
2014,08.38,1.0
2014,08.39,1.0
2014,08.43,1.0
2014,08.44,1.0
2014,08.45,1.0
2014,08.46,1.0
2014,08.47,2.0
2014,08.48,1.0
2014,08.49,1.0
2014,08.60,1.0
2014,08.64,3.0
2014,08.65,1.0
2014,08.66,1.0
2014,08.67,2.0
2014,08.69,1.0
2014,08.70,2.0
2014,08.75,1.0
2014,08.77,1.0
2014,08.79,1.0
2014,08.80,1.0
2014,08.81,1.0
2014,08.85,1.0
2014,08.86,1.0
2014,08.90,1.0
2014,08.91,1.0
2014,08.93,1.0
2014,08.98,2.0
2014,09.08,2.0
2014,09.09,2.0
2014,09.10,1.0
2014,09.17,1.0
2014,09.20,1.0
2014,09.29,1.0
2014,09.31,1.0
2014,09.34,1.0
2014,09.38,2.0
2014,09.41,1.0
2014,09.42,1.0
2014,09.46,1.0
2014,09.53,2.0
2014,09.54,1.0
2014,09.55,1.0
2014,09.59,1.0
2014,09.60,1.0
2014,09.61,1.0
2014,09.62,1.0
2014,09.63,2.0
2014,09.66,1.0
2014,09.67,4.0
2014,09.69,2.0
2014,09.72,1.0
2014,09.73,1.0
2014,09.88,1.0
2014,09.94,1.0
2014,09.96,1.0
2014,09.97,1.0
2014,10.00,1.0
2014,10.12,1.0
2014,10.20,1.0
2014,10.22,1.0
2014,10.34,2.0
2014,10.38,1.0
2014,10.44,1.0
2014,10.47,1.0
2014,10.66,1.0
2014,10.71,1.0
2014,11.18,2.0
2014,11.20,1.0
2014,11.29,1.0
2014,11.47,1.0
2014,12.10,1.0
2014,12.37,1.0
2014,12.73,1.0
2014,NA   ,2312168.0
2013,01.50,711.0
2013,01.51,601.0
2013,01.52,640.0
2013,01.53,586.0
2013,01.54,572.0
2013,01.55,548.0
2013,01.56,560.0
2013,01.57,507.0
2013,01.58,505.0
2013,01.59,533.0
2013,01.60,493.0
2013,01.61,489.0
2013,01.62,489.0
2013,01.63,484.0
2013,01.64,436.0
2013,01.65,487.0
2013,01.66,458.0
2013,01.67,436.0
2013,01.68,459.0
2013,01.69,405.0
2013,01.70,410.0
2013,01.71,353.0
2013,01.72,400.0
2013,01.73,364.0
2013,01.74,357.0
2013,01.75,366.0
2013,01.76,364.0
2013,01.77,390.0
2013,01.78,312.0
2013,01.79,308.0
2013,01.80,339.0
2013,01.81,300.0
2013,01.82,294.0
2013,01.83,293.0
2013,01.84,305.0
2013,01.85,295.0
2013,01.86,324.0
2013,01.87,291.0
2013,01.88,299.0
2013,01.89,281.0
2013,01.90,305.0
2013,01.91,314.0
2013,01.92,282.0
2013,01.93,262.0
2013,01.94,270.0
2013,01.95,245.0
2013,01.96,249.0
2013,01.97,274.0
2013,01.98,263.0
2013,01.99,239.0
2013,02.00,298.0
2013,02.01,248.0
2013,02.02,235.0
2013,02.03,235.0
2013,02.04,253.0
2013,02.05,264.0
2013,02.06,240.0
2013,02.07,210.0
2013,02.08,230.0
2013,02.09,227.0
2013,02.10,243.0
2013,02.11,224.0
2013,02.12,226.0
2013,02.13,242.0
2013,02.14,228.0
2013,02.15,260.0
2013,02.16,276.0
2013,02.17,222.0
2013,02.18,228.0
2013,02.19,250.0
2013,02.20,231.0
2013,02.21,235.0
2013,02.22,220.0
2013,02.23,233.0
2013,02.24,248.0
2013,02.25,208.0
2013,02.26,225.0
2013,02.27,209.0
2013,02.28,189.0
2013,02.29,209.0
2013,02.30,195.0
2013,02.31,177.0
2013,02.32,208.0
2013,02.33,174.0
2013,02.34,179.0
2013,02.35,185.0
2013,02.36,175.0
2013,02.37,191.0
2013,02.38,187.0
2013,02.39,172.0
2013,02.40,180.0
2013,02.41,206.0
2013,02.42,173.0
2013,02.43,157.0
2013,02.44,196.0
2013,02.45,168.0
2013,02.46,154.0
2013,02.47,155.0
2013,02.48,162.0
2013,02.49,166.0
2013,02.50,170.0
2013,02.51,152.0
2013,02.52,138.0
2013,02.53,147.0
2013,02.54,132.0
2013,02.55,129.0
2013,02.56,143.0
2013,02.57,138.0
2013,02.58,168.0
2013,02.59,143.0
2013,02.60,137.0
2013,02.61,150.0
2013,02.62,155.0
2013,02.63,153.0
2013,02.64,170.0
2013,02.65,131.0
2013,02.66,153.0
2013,02.67,145.0
2013,02.68,118.0
2013,02.69,125.0
2013,02.70,123.0
2013,02.71,110.0
2013,02.72,127.0
2013,02.73,132.0
2013,02.74,111.0
2013,02.75,103.0
2013,02.76,119.0
2013,02.77,107.0
2013,02.78,108.0
2013,02.79,121.0
2013,02.80,115.0
2013,02.81,105.0
2013,02.82,96.0
2013,02.83,98.0
2013,02.84,116.0
2013,02.85,114.0
2013,02.86,109.0
2013,02.87,95.0
2013,02.88,92.0
2013,02.89,95.0
2013,02.90,96.0
2013,02.91,102.0
2013,02.92,105.0
2013,02.93,114.0
2013,02.94,113.0
2013,02.95,118.0
2013,02.96,141.0
2013,02.97,112.0
2013,02.98,95.0
2013,02.99,114.0
2013,03.00,98.0
2013,03.01,106.0
2013,03.02,81.0
2013,03.03,74.0
2013,03.04,75.0
2013,03.05,97.0
2013,03.06,77.0
2013,03.07,91.0
2013,03.08,79.0
2013,03.09,82.0
2013,03.10,98.0
2013,03.11,87.0
2013,03.12,97.0
2013,03.13,89.0
2013,03.14,90.0
2013,03.15,98.0
2013,03.16,78.0
2013,03.17,89.0
2013,03.18,61.0
2013,03.19,85.0
2013,03.20,91.0
2013,03.21,77.0
2013,03.22,65.0
2013,03.23,74.0
2013,03.24,70.0
2013,03.25,85.0
2013,03.26,60.0
2013,03.27,81.0
2013,03.28,62.0
2013,03.29,54.0
2013,03.30,54.0
2013,03.31,60.0
2013,03.32,53.0
2013,03.33,50.0
2013,03.34,46.0
2013,03.35,68.0
2013,03.36,61.0
2013,03.37,49.0
2013,03.38,58.0
2013,03.39,63.0
2013,03.40,61.0
2013,03.41,68.0
2013,03.42,67.0
2013,03.43,53.0
2013,03.44,60.0
2013,03.45,60.0
2013,03.46,48.0
2013,03.47,50.0
2013,03.48,62.0
2013,03.49,56.0
2013,03.50,97.0
2013,03.51,84.0
2013,03.52,73.0
2013,03.53,95.0
2013,03.54,80.0
2013,03.55,93.0
2013,03.56,77.0
2013,03.57,87.0
2013,03.58,94.0
2013,03.59,63.0
2013,03.60,85.0
2013,03.61,78.0
2013,03.62,82.0
2013,03.63,106.0
2013,03.64,78.0
2013,03.65,76.0
2013,03.66,66.0
2013,03.67,72.0
2013,03.68,76.0
2013,03.69,71.0
2013,03.70,71.0
2013,03.71,67.0
2013,03.72,81.0
2013,03.73,70.0
2013,03.74,63.0
2013,03.75,80.0
2013,03.76,55.0
2013,03.77,49.0
2013,03.78,44.0
2013,03.79,61.0
2013,03.80,63.0
2013,03.81,64.0
2013,03.82,40.0
2013,03.83,54.0
2013,03.84,55.0
2013,03.85,50.0
2013,03.86,49.0
2013,03.87,69.0
2013,03.88,63.0
2013,03.89,61.0
2013,03.90,53.0
2013,03.91,59.0
2013,03.92,55.0
2013,03.93,46.0
2013,03.94,40.0
2013,03.95,46.0
2013,03.96,55.0
2013,03.97,45.0
2013,03.98,43.0
2013,03.99,38.0
2013,04.00,63.0
2013,04.01,37.0
2013,04.02,54.0
2013,04.03,46.0
2013,04.04,46.0
2013,04.05,44.0
2013,04.06,43.0
2013,04.07,51.0
2013,04.08,39.0
2013,04.09,40.0
2013,04.10,54.0
2013,04.11,32.0
2013,04.12,47.0
2013,04.13,52.0
2013,04.14,42.0
2013,04.15,39.0
2013,04.16,40.0
2013,04.17,46.0
2013,04.18,37.0
2013,04.19,47.0
2013,04.20,44.0
2013,04.21,34.0
2013,04.22,43.0
2013,04.23,36.0
2013,04.24,48.0
2013,04.25,48.0
2013,04.26,40.0
2013,04.27,36.0
2013,04.28,42.0
2013,04.29,33.0
2013,04.30,35.0
2013,04.31,33.0
2013,04.32,35.0
2013,04.33,37.0
2013,04.34,34.0
2013,04.35,34.0
2013,04.36,37.0
2013,04.37,48.0
2013,04.38,42.0
2013,04.39,45.0
2013,04.40,34.0
2013,04.41,38.0
2013,04.42,36.0
2013,04.43,36.0
2013,04.44,45.0
2013,04.45,35.0
2013,04.46,44.0
2013,04.47,33.0
2013,04.48,36.0
2013,04.49,34.0
2013,04.50,46.0
2013,04.51,27.0
2013,04.52,34.0
2013,04.53,37.0
2013,04.54,33.0
2013,04.55,26.0
2013,04.56,33.0
2013,04.57,22.0
2013,04.58,41.0
2013,04.59,40.0
2013,04.60,24.0
2013,04.61,26.0
2013,04.62,20.0
2013,04.63,22.0
2013,04.64,19.0
2013,04.65,27.0
2013,04.66,19.0
2013,04.67,17.0
2013,04.68,33.0
2013,04.69,19.0
2013,04.70,18.0
2013,04.71,19.0
2013,04.72,23.0
2013,04.73,24.0
2013,04.74,16.0
2013,04.75,17.0
2013,04.76,18.0
2013,04.77,10.0
2013,04.78,17.0
2013,04.79,23.0
2013,04.80,24.0
2013,04.81,17.0
2013,04.82,13.0
2013,04.83,14.0
2013,04.84,17.0
2013,04.85,17.0
2013,04.86,14.0
2013,04.87,15.0
2013,04.88,24.0
2013,04.89,15.0
2013,04.90,14.0
2013,04.91,12.0
2013,04.92,18.0
2013,04.93,14.0
2013,04.94,16.0
2013,04.95,17.0
2013,04.96,11.0
2013,04.97,15.0
2013,04.98,17.0
2013,04.99,15.0
2013,05.00,37.0
2013,05.01,10.0
2013,05.02,12.0
2013,05.03,12.0
2013,05.04,14.0
2013,05.05,13.0
2013,05.06,8.0
2013,05.07,8.0
2013,05.08,11.0
2013,05.09,11.0
2013,05.10,19.0
2013,05.11,12.0
2013,05.12,17.0
2013,05.13,13.0
2013,05.14,17.0
2013,05.15,17.0
2013,05.16,6.0
2013,05.17,17.0
2013,05.18,9.0
2013,05.19,12.0
2013,05.20,16.0
2013,05.21,17.0
2013,05.22,11.0
2013,05.23,9.0
2013,05.24,5.0
2013,05.25,10.0
2013,05.26,8.0
2013,05.27,10.0
2013,05.28,11.0
2013,05.29,10.0
2013,05.30,7.0
2013,05.31,11.0
2013,05.32,12.0
2013,05.33,7.0
2013,05.34,9.0
2013,05.35,6.0
2013,05.36,7.0
2013,05.37,13.0
2013,05.38,5.0
2013,05.39,14.0
2013,05.40,8.0
2013,05.41,12.0
2013,05.42,8.0
2013,05.43,9.0
2013,05.44,11.0
2013,05.45,11.0
2013,05.46,8.0
2013,05.47,8.0
2013,05.48,13.0
2013,05.49,12.0
2013,05.50,7.0
2013,05.51,10.0
2013,05.52,14.0
2013,05.53,7.0
2013,05.54,6.0
2013,05.55,6.0
2013,05.56,4.0
2013,05.57,5.0
2013,05.58,7.0
2013,05.59,14.0
2013,05.60,10.0
2013,05.61,5.0
2013,05.62,7.0
2013,05.63,7.0
2013,05.64,13.0
2013,05.65,3.0
2013,05.66,8.0
2013,05.67,8.0
2013,05.68,9.0
2013,05.69,6.0
2013,05.70,7.0
2013,05.71,7.0
2013,05.72,7.0
2013,05.73,4.0
2013,05.74,7.0
2013,05.75,7.0
2013,05.76,4.0
2013,05.77,8.0
2013,05.78,7.0
2013,05.79,8.0
2013,05.80,10.0
2013,05.81,4.0
2013,05.82,9.0
2013,05.83,8.0
2013,05.84,7.0
2013,05.85,3.0
2013,05.86,7.0
2013,05.87,6.0
2013,05.88,5.0
2013,05.89,8.0
2013,05.90,9.0
2013,05.91,8.0
2013,05.92,10.0
2013,05.93,8.0
2013,05.94,5.0
2013,05.95,6.0
2013,05.96,6.0
2013,05.97,6.0
2013,05.98,7.0
2013,05.99,4.0
2013,06.00,47.0
2013,06.01,4.0
2013,06.02,1.0
2013,06.03,4.0
2013,06.04,5.0
2013,06.05,3.0
2013,06.06,4.0
2013,06.07,3.0
2013,06.08,2.0
2013,06.09,6.0
2013,06.10,9.0
2013,06.11,6.0
2013,06.12,4.0
2013,06.13,7.0
2013,06.14,4.0
2013,06.15,3.0
2013,06.16,1.0
2013,06.17,4.0
2013,06.18,1.0
2013,06.19,4.0
2013,06.21,4.0
2013,06.22,1.0
2013,06.23,3.0
2013,06.24,8.0
2013,06.25,9.0
2013,06.26,3.0
2013,06.27,6.0
2013,06.28,2.0
2013,06.29,2.0
2013,06.30,3.0
2013,06.31,1.0
2013,06.32,5.0
2013,06.33,1.0
2013,06.34,8.0
2013,06.35,5.0
2013,06.36,2.0
2013,06.37,2.0
2013,06.39,5.0
2013,06.40,1.0
2013,06.41,4.0
2013,06.42,4.0
2013,06.43,2.0
2013,06.44,4.0
2013,06.45,3.0
2013,06.46,2.0
2013,06.47,3.0
2013,06.48,6.0
2013,06.49,6.0
2013,06.50,5.0
2013,06.51,3.0
2013,06.53,1.0
2013,06.54,4.0
2013,06.55,2.0
2013,06.56,3.0
2013,06.57,3.0
2013,06.58,4.0
2013,06.59,3.0
2013,06.60,1.0
2013,06.61,5.0
2013,06.62,6.0
2013,06.63,4.0
2013,06.64,2.0
2013,06.65,5.0
2013,06.66,5.0
2013,06.67,6.0
2013,06.68,2.0
2013,06.70,2.0
2013,06.71,1.0
2013,06.72,1.0
2013,06.73,2.0
2013,06.76,2.0
2013,06.78,3.0
2013,06.79,4.0
2013,06.80,2.0
2013,06.81,3.0
2013,06.82,4.0
2013,06.84,2.0
2013,06.85,3.0
2013,06.86,1.0
2013,06.88,1.0
2013,06.89,2.0
2013,06.90,2.0
2013,06.91,2.0
2013,06.92,3.0
2013,06.93,3.0
2013,06.94,4.0
2013,06.95,5.0
2013,06.96,2.0
2013,06.97,3.0
2013,06.98,2.0
2013,06.99,2.0
2013,07.00,1.0
2013,07.01,1.0
2013,07.02,3.0
2013,07.03,1.0
2013,07.04,2.0
2013,07.05,1.0
2013,07.06,3.0
2013,07.07,1.0
2013,07.09,3.0
2013,07.10,2.0
2013,07.12,1.0
2013,07.13,3.0
2013,07.14,2.0
2013,07.15,1.0
2013,07.16,2.0
2013,07.17,1.0
2013,07.20,3.0
2013,07.21,1.0
2013,07.23,2.0
2013,07.24,1.0
2013,07.26,1.0
2013,07.27,3.0
2013,07.28,5.0
2013,07.29,2.0
2013,07.30,2.0
2013,07.31,2.0
2013,07.32,1.0
2013,07.34,1.0
2013,07.35,2.0
2013,07.36,2.0
2013,07.40,1.0
2013,07.41,3.0
2013,07.42,3.0
2013,07.43,3.0
2013,07.44,1.0
2013,07.45,1.0
2013,07.47,1.0
2013,07.49,1.0
2013,07.50,3.0
2013,07.52,5.0
2013,07.54,2.0
2013,07.55,3.0
2013,07.56,2.0
2013,07.57,1.0
2013,07.58,3.0
2013,07.60,4.0
2013,07.62,1.0
2013,07.63,2.0
2013,07.65,2.0
2013,07.66,3.0
2013,07.67,3.0
2013,07.68,3.0
2013,07.69,1.0
2013,07.70,1.0
2013,07.71,1.0
2013,07.74,2.0
2013,07.75,2.0
2013,07.76,2.0
2013,07.77,2.0
2013,07.79,1.0
2013,07.80,5.0
2013,07.81,2.0
2013,07.82,2.0
2013,07.83,3.0
2013,07.84,2.0
2013,07.86,1.0
2013,07.87,2.0
2013,07.88,1.0
2013,07.89,1.0
2013,07.91,2.0
2013,07.93,1.0
2013,07.94,2.0
2013,07.95,1.0
2013,07.96,2.0
2013,07.97,1.0
2013,07.98,3.0
2013,08.00,2.0
2013,08.01,1.0
2013,08.02,2.0
2013,08.03,2.0
2013,08.04,1.0
2013,08.05,1.0
2013,08.06,1.0
2013,08.08,1.0
2013,08.13,1.0
2013,08.16,1.0
2013,08.20,1.0
2013,08.21,1.0
2013,08.22,3.0
2013,08.23,1.0
2013,08.25,1.0
2013,08.28,1.0
2013,08.30,1.0
2013,08.33,3.0
2013,08.36,1.0
2013,08.38,1.0
2013,08.39,2.0
2013,08.40,1.0
2013,08.42,1.0
2013,08.44,2.0
2013,08.47,1.0
2013,08.49,2.0
2013,08.50,1.0
2013,08.53,1.0
2013,08.55,2.0
2013,08.56,1.0
2013,08.57,1.0
2013,08.64,1.0
2013,08.65,1.0
2013,08.73,2.0
2013,08.75,2.0
2013,08.77,1.0
2013,08.79,1.0
2013,08.86,2.0
2013,08.90,1.0
2013,08.91,1.0
2013,08.93,2.0
2013,08.95,1.0
2013,08.96,2.0
2013,08.97,1.0
2013,08.98,1.0
2013,09.00,1.0
2013,09.01,1.0
2013,09.02,1.0
2013,09.04,1.0
2013,09.26,1.0
2013,09.29,1.0
2013,09.44,1.0
2013,09.48,1.0
2013,09.53,1.0
2013,09.54,1.0
2013,09.67,1.0
2013,09.75,1.0
2013,09.76,1.0
2013,09.84,1.0
2013,09.95,1.0
2013,09.98,1.0
2013,10.00,1.0
2013,10.01,1.0
2013,10.19,1.0
2013,10.32,1.0
2013,10.55,1.0
2013,10.63,1.0
2013,10.95,1.0
2013,11.01,1.0
2013,11.05,1.0
2013,11.06,1.0
2013,11.12,1.0
2013,11.39,1.0
2013,11.59,1.0
2013,12.55,1.0
2013,12.78,1.0
2013,13.38,1.0
2013,16.29,1.0
2013,17.47,1.0
2013,22.83,1.0
2013,23.37,1.0
2013,99.99,1.0
2013,NA   ,2517833.0
